path,folder
Generated Pictures\Blur\1\IMG_1202_edit1.png,1
Generated Pictures\Blur\1\IMG_1202_edit2.png,1
Generated Pictures\Blur\1\IMG_1202_edit3.png,1
Generated Pictures\Blur\1\IMG_1202_edit4.png,1
Generated Pictures\Blur\1\IMG_1202_edit5.png,1
Generated Pictures\Blur\1\IMG_1202_edit6.png,1
Generated Pictures\Blur\1\IMG_1202_edit7.png,1
Generated Pictures\Blur\1\IMG_1202_edit8.png,1
Generated Pictures\Blur\1\IMG_1202_edit9.png,1
Generated Pictures\Blur\1\IMG_1203_edit1.png,1
Generated Pictures\Blur\1\IMG_1203_edit2.png,1
Generated Pictures\Blur\1\IMG_1203_edit3.png,1
Generated Pictures\Blur\1\IMG_1203_edit4.png,1
Generated Pictures\Blur\1\IMG_1203_edit5.png,1
Generated Pictures\Blur\1\IMG_1203_edit6.png,1
Generated Pictures\Blur\1\IMG_1203_edit7.png,1
Generated Pictures\Blur\1\IMG_1203_edit8.png,1
Generated Pictures\Blur\1\IMG_1203_edit9.png,1
Generated Pictures\Blur\1\IMG_1204_edit1.png,1
Generated Pictures\Blur\1\IMG_1204_edit2.png,1
Generated Pictures\Blur\1\IMG_1204_edit3.png,1
Generated Pictures\Blur\1\IMG_1204_edit4.png,1
Generated Pictures\Blur\1\IMG_1204_edit5.png,1
Generated Pictures\Blur\1\IMG_1204_edit6.png,1
Generated Pictures\Blur\1\IMG_1204_edit7.png,1
Generated Pictures\Blur\1\IMG_1204_edit8.png,1
Generated Pictures\Blur\1\IMG_1204_edit9.png,1
Generated Pictures\Blur\1\IMG_1205_edit1.png,1
Generated Pictures\Blur\1\IMG_1205_edit2.png,1
Generated Pictures\Blur\1\IMG_1205_edit3.png,1
Generated Pictures\Blur\1\IMG_1205_edit4.png,1
Generated Pictures\Blur\1\IMG_1205_edit5.png,1
Generated Pictures\Blur\1\IMG_1205_edit6.png,1
Generated Pictures\Blur\1\IMG_1205_edit7.png,1
Generated Pictures\Blur\1\IMG_1205_edit8.png,1
Generated Pictures\Blur\1\IMG_1205_edit9.png,1
Generated Pictures\Blur\2\IMG_1216_1_edit1.png,2
Generated Pictures\Blur\2\IMG_1216_1_edit2.png,2
Generated Pictures\Blur\2\IMG_1216_1_edit3.png,2
Generated Pictures\Blur\2\IMG_1216_1_edit4.png,2
Generated Pictures\Blur\2\IMG_1216_1_edit5.png,2
Generated Pictures\Blur\2\IMG_1216_1_edit6.png,2
Generated Pictures\Blur\2\IMG_1216_1_edit7.png,2
Generated Pictures\Blur\2\IMG_1216_1_edit8.png,2
Generated Pictures\Blur\2\IMG_1216_1_edit9.png,2
Generated Pictures\Blur\2\IMG_1224_1_edit1.png,2
Generated Pictures\Blur\2\IMG_1224_1_edit2.png,2
Generated Pictures\Blur\2\IMG_1224_1_edit3.png,2
Generated Pictures\Blur\2\IMG_1224_1_edit4.png,2
Generated Pictures\Blur\2\IMG_1224_1_edit5.png,2
Generated Pictures\Blur\2\IMG_1224_1_edit6.png,2
Generated Pictures\Blur\2\IMG_1224_1_edit7.png,2
Generated Pictures\Blur\2\IMG_1224_1_edit8.png,2
Generated Pictures\Blur\2\IMG_1224_1_edit9.png,2
Generated Pictures\Blur\2\IMG_1237_1_edit1.png,2
Generated Pictures\Blur\2\IMG_1237_1_edit2.png,2
Generated Pictures\Blur\2\IMG_1237_1_edit3.png,2
Generated Pictures\Blur\2\IMG_1237_1_edit4.png,2
Generated Pictures\Blur\2\IMG_1237_1_edit5.png,2
Generated Pictures\Blur\2\IMG_1237_1_edit6.png,2
Generated Pictures\Blur\2\IMG_1237_1_edit7.png,2
Generated Pictures\Blur\2\IMG_1237_1_edit8.png,2
Generated Pictures\Blur\2\IMG_1237_1_edit9.png,2
Generated Pictures\Blur\4\IMG_1225_1_edit1.png,4
Generated Pictures\Blur\4\IMG_1225_1_edit2.png,4
Generated Pictures\Blur\4\IMG_1225_1_edit3.png,4
Generated Pictures\Blur\4\IMG_1225_1_edit4.png,4
Generated Pictures\Blur\4\IMG_1225_1_edit5.png,4
Generated Pictures\Blur\4\IMG_1225_1_edit6.png,4
Generated Pictures\Blur\4\IMG_1225_1_edit7.png,4
Generated Pictures\Blur\4\IMG_1225_1_edit8.png,4
Generated Pictures\Blur\4\IMG_1225_1_edit9.png,4
Generated Pictures\Blur\4\IMG_1230_1_edit1.png,4
Generated Pictures\Blur\4\IMG_1230_1_edit2.png,4
Generated Pictures\Blur\4\IMG_1230_1_edit3.png,4
Generated Pictures\Blur\4\IMG_1230_1_edit4.png,4
Generated Pictures\Blur\4\IMG_1230_1_edit5.png,4
Generated Pictures\Blur\4\IMG_1230_1_edit6.png,4
Generated Pictures\Blur\4\IMG_1230_1_edit7.png,4
Generated Pictures\Blur\4\IMG_1230_1_edit8.png,4
Generated Pictures\Blur\4\IMG_1230_1_edit9.png,4
Generated Pictures\Blur\4\IMG_1231_1_edit1.png,4
Generated Pictures\Blur\4\IMG_1231_1_edit2.png,4
Generated Pictures\Blur\4\IMG_1231_1_edit3.png,4
Generated Pictures\Blur\4\IMG_1231_1_edit4.png,4
Generated Pictures\Blur\4\IMG_1231_1_edit5.png,4
Generated Pictures\Blur\4\IMG_1231_1_edit6.png,4
Generated Pictures\Blur\4\IMG_1231_1_edit7.png,4
Generated Pictures\Blur\4\IMG_1231_1_edit8.png,4
Generated Pictures\Blur\4\IMG_1231_1_edit9.png,4
Generated Pictures\Blur\4\IMG_1232_1_edit1.png,4
Generated Pictures\Blur\4\IMG_1232_1_edit2.png,4
Generated Pictures\Blur\4\IMG_1232_1_edit3.png,4
Generated Pictures\Blur\4\IMG_1232_1_edit4.png,4
Generated Pictures\Blur\4\IMG_1232_1_edit5.png,4
Generated Pictures\Blur\4\IMG_1232_1_edit6.png,4
Generated Pictures\Blur\4\IMG_1232_1_edit7.png,4
Generated Pictures\Blur\4\IMG_1232_1_edit8.png,4
Generated Pictures\Blur\4\IMG_1232_1_edit9.png,4
Generated Pictures\Blur\4\IMG_1280_1_edit1.png,4
Generated Pictures\Blur\4\IMG_1280_1_edit2.png,4
Generated Pictures\Blur\4\IMG_1280_1_edit3.png,4
Generated Pictures\Blur\4\IMG_1280_1_edit4.png,4
Generated Pictures\Blur\4\IMG_1280_1_edit5.png,4
Generated Pictures\Blur\4\IMG_1280_1_edit6.png,4
Generated Pictures\Blur\4\IMG_1280_1_edit7.png,4
Generated Pictures\Blur\4\IMG_1280_1_edit8.png,4
Generated Pictures\Blur\4\IMG_1280_1_edit9.png,4
Generated Pictures\Blur\7\IMG_1259_1_edit1.png,7
Generated Pictures\Blur\7\IMG_1259_1_edit2.png,7
Generated Pictures\Blur\7\IMG_1259_1_edit3.png,7
Generated Pictures\Blur\7\IMG_1259_1_edit4.png,7
Generated Pictures\Blur\7\IMG_1259_1_edit5.png,7
Generated Pictures\Blur\7\IMG_1259_1_edit6.png,7
Generated Pictures\Blur\7\IMG_1259_1_edit7.png,7
Generated Pictures\Blur\7\IMG_1259_1_edit8.png,7
Generated Pictures\Blur\7\IMG_1259_1_edit9.png,7
Generated Pictures\Blur\7\IMG_1264_1_edit1.png,7
Generated Pictures\Blur\7\IMG_1264_1_edit2.png,7
Generated Pictures\Blur\7\IMG_1264_1_edit3.png,7
Generated Pictures\Blur\7\IMG_1264_1_edit4.png,7
Generated Pictures\Blur\7\IMG_1264_1_edit5.png,7
Generated Pictures\Blur\7\IMG_1264_1_edit6.png,7
Generated Pictures\Blur\7\IMG_1264_1_edit7.png,7
Generated Pictures\Blur\7\IMG_1264_1_edit8.png,7
Generated Pictures\Blur\7\IMG_1264_1_edit9.png,7
Generated Pictures\Blur\7\IMG_1265_1_edit1.png,7
Generated Pictures\Blur\7\IMG_1265_1_edit2.png,7
Generated Pictures\Blur\7\IMG_1265_1_edit3.png,7
Generated Pictures\Blur\7\IMG_1265_1_edit4.png,7
Generated Pictures\Blur\7\IMG_1265_1_edit5.png,7
Generated Pictures\Blur\7\IMG_1265_1_edit6.png,7
Generated Pictures\Blur\7\IMG_1265_1_edit7.png,7
Generated Pictures\Blur\7\IMG_1265_1_edit8.png,7
Generated Pictures\Blur\7\IMG_1265_1_edit9.png,7
Generated Pictures\Blur\11\IMG_1214_1_edit1.png,11
Generated Pictures\Blur\11\IMG_1214_1_edit2.png,11
Generated Pictures\Blur\11\IMG_1214_1_edit3.png,11
Generated Pictures\Blur\11\IMG_1214_1_edit4.png,11
Generated Pictures\Blur\11\IMG_1214_1_edit5.png,11
Generated Pictures\Blur\11\IMG_1214_1_edit6.png,11
Generated Pictures\Blur\11\IMG_1214_1_edit7.png,11
Generated Pictures\Blur\11\IMG_1214_1_edit8.png,11
Generated Pictures\Blur\11\IMG_1214_1_edit9.png,11
Generated Pictures\Blur\11\IMG_1215_1_edit1.png,11
Generated Pictures\Blur\11\IMG_1215_1_edit2.png,11
Generated Pictures\Blur\11\IMG_1215_1_edit3.png,11
Generated Pictures\Blur\11\IMG_1215_1_edit4.png,11
Generated Pictures\Blur\11\IMG_1215_1_edit5.png,11
Generated Pictures\Blur\11\IMG_1215_1_edit6.png,11
Generated Pictures\Blur\11\IMG_1215_1_edit7.png,11
Generated Pictures\Blur\11\IMG_1215_1_edit8.png,11
Generated Pictures\Blur\11\IMG_1215_1_edit9.png,11
Generated Pictures\Blur\11\IMG_1275_1_edit1.png,11
Generated Pictures\Blur\11\IMG_1275_1_edit2.png,11
Generated Pictures\Blur\11\IMG_1275_1_edit3.png,11
Generated Pictures\Blur\11\IMG_1275_1_edit4.png,11
Generated Pictures\Blur\11\IMG_1275_1_edit5.png,11
Generated Pictures\Blur\11\IMG_1275_1_edit6.png,11
Generated Pictures\Blur\11\IMG_1275_1_edit7.png,11
Generated Pictures\Blur\11\IMG_1275_1_edit8.png,11
Generated Pictures\Blur\11\IMG_1275_1_edit9.png,11
Generated Pictures\Blur\12\IMG_1220_1_edit1.png,12
Generated Pictures\Blur\12\IMG_1220_1_edit2.png,12
Generated Pictures\Blur\12\IMG_1220_1_edit3.png,12
Generated Pictures\Blur\12\IMG_1220_1_edit4.png,12
Generated Pictures\Blur\12\IMG_1220_1_edit5.png,12
Generated Pictures\Blur\12\IMG_1220_1_edit6.png,12
Generated Pictures\Blur\12\IMG_1220_1_edit7.png,12
Generated Pictures\Blur\12\IMG_1220_1_edit8.png,12
Generated Pictures\Blur\12\IMG_1220_1_edit9.png,12
Generated Pictures\Blur\12\IMG_1223_edit1.png,12
Generated Pictures\Blur\12\IMG_1223_edit2.png,12
Generated Pictures\Blur\12\IMG_1223_edit3.png,12
Generated Pictures\Blur\12\IMG_1223_edit4.png,12
Generated Pictures\Blur\12\IMG_1223_edit5.png,12
Generated Pictures\Blur\12\IMG_1223_edit6.png,12
Generated Pictures\Blur\12\IMG_1223_edit7.png,12
Generated Pictures\Blur\12\IMG_1223_edit8.png,12
Generated Pictures\Blur\12\IMG_1223_edit9.png,12
Generated Pictures\Blur\12\IMG_1227_1_edit1.png,12
Generated Pictures\Blur\12\IMG_1227_1_edit2.png,12
Generated Pictures\Blur\12\IMG_1227_1_edit3.png,12
Generated Pictures\Blur\12\IMG_1227_1_edit4.png,12
Generated Pictures\Blur\12\IMG_1227_1_edit5.png,12
Generated Pictures\Blur\12\IMG_1227_1_edit6.png,12
Generated Pictures\Blur\12\IMG_1227_1_edit7.png,12
Generated Pictures\Blur\12\IMG_1227_1_edit8.png,12
Generated Pictures\Blur\12\IMG_1227_1_edit9.png,12
Generated Pictures\Blur\12\IMG_1233_1_edit1.png,12
Generated Pictures\Blur\12\IMG_1233_1_edit2.png,12
Generated Pictures\Blur\12\IMG_1233_1_edit3.png,12
Generated Pictures\Blur\12\IMG_1233_1_edit4.png,12
Generated Pictures\Blur\12\IMG_1233_1_edit5.png,12
Generated Pictures\Blur\12\IMG_1233_1_edit6.png,12
Generated Pictures\Blur\12\IMG_1233_1_edit7.png,12
Generated Pictures\Blur\12\IMG_1233_1_edit8.png,12
Generated Pictures\Blur\12\IMG_1233_1_edit9.png,12
Generated Pictures\Blur\13\IMG_1190_1_edit1.png,13
Generated Pictures\Blur\13\IMG_1190_1_edit2.png,13
Generated Pictures\Blur\13\IMG_1190_1_edit3.png,13
Generated Pictures\Blur\13\IMG_1190_1_edit4.png,13
Generated Pictures\Blur\13\IMG_1190_1_edit5.png,13
Generated Pictures\Blur\13\IMG_1190_1_edit6.png,13
Generated Pictures\Blur\13\IMG_1190_1_edit7.png,13
Generated Pictures\Blur\13\IMG_1190_1_edit8.png,13
Generated Pictures\Blur\13\IMG_1190_1_edit9.png,13
Generated Pictures\Blur\13\IMG_1191_1_edit1.png,13
Generated Pictures\Blur\13\IMG_1191_1_edit2.png,13
Generated Pictures\Blur\13\IMG_1191_1_edit3.png,13
Generated Pictures\Blur\13\IMG_1191_1_edit4.png,13
Generated Pictures\Blur\13\IMG_1191_1_edit5.png,13
Generated Pictures\Blur\13\IMG_1191_1_edit6.png,13
Generated Pictures\Blur\13\IMG_1191_1_edit7.png,13
Generated Pictures\Blur\13\IMG_1191_1_edit8.png,13
Generated Pictures\Blur\13\IMG_1191_1_edit9.png,13
Generated Pictures\Blur\13\IMG_1192_1_edit1.png,13
Generated Pictures\Blur\13\IMG_1192_1_edit2.png,13
Generated Pictures\Blur\13\IMG_1192_1_edit3.png,13
Generated Pictures\Blur\13\IMG_1192_1_edit4.png,13
Generated Pictures\Blur\13\IMG_1192_1_edit5.png,13
Generated Pictures\Blur\13\IMG_1192_1_edit6.png,13
Generated Pictures\Blur\13\IMG_1192_1_edit7.png,13
Generated Pictures\Blur\13\IMG_1192_1_edit8.png,13
Generated Pictures\Blur\13\IMG_1192_1_edit9.png,13
Generated Pictures\Blur\13\IMG_1204_1_edit1.png,13
Generated Pictures\Blur\13\IMG_1204_1_edit2.png,13
Generated Pictures\Blur\13\IMG_1204_1_edit3.png,13
Generated Pictures\Blur\13\IMG_1204_1_edit4.png,13
Generated Pictures\Blur\13\IMG_1204_1_edit5.png,13
Generated Pictures\Blur\13\IMG_1204_1_edit6.png,13
Generated Pictures\Blur\13\IMG_1204_1_edit7.png,13
Generated Pictures\Blur\13\IMG_1204_1_edit8.png,13
Generated Pictures\Blur\13\IMG_1204_1_edit9.png,13
Generated Pictures\Blur\13\IMG_1221_1_edit1.png,13
Generated Pictures\Blur\13\IMG_1221_1_edit2.png,13
Generated Pictures\Blur\13\IMG_1221_1_edit3.png,13
Generated Pictures\Blur\13\IMG_1221_1_edit4.png,13
Generated Pictures\Blur\13\IMG_1221_1_edit5.png,13
Generated Pictures\Blur\13\IMG_1221_1_edit6.png,13
Generated Pictures\Blur\13\IMG_1221_1_edit7.png,13
Generated Pictures\Blur\13\IMG_1221_1_edit8.png,13
Generated Pictures\Blur\13\IMG_1221_1_edit9.png,13
Generated Pictures\Blur\13\IMG_1229_1_edit1.png,13
Generated Pictures\Blur\13\IMG_1229_1_edit2.png,13
Generated Pictures\Blur\13\IMG_1229_1_edit3.png,13
Generated Pictures\Blur\13\IMG_1229_1_edit4.png,13
Generated Pictures\Blur\13\IMG_1229_1_edit5.png,13
Generated Pictures\Blur\13\IMG_1229_1_edit6.png,13
Generated Pictures\Blur\13\IMG_1229_1_edit7.png,13
Generated Pictures\Blur\13\IMG_1229_1_edit8.png,13
Generated Pictures\Blur\13\IMG_1229_1_edit9.png,13
Generated Pictures\Blur\14\IMG_1244_1_edit1.png,14
Generated Pictures\Blur\14\IMG_1244_1_edit2.png,14
Generated Pictures\Blur\14\IMG_1244_1_edit3.png,14
Generated Pictures\Blur\14\IMG_1244_1_edit4.png,14
Generated Pictures\Blur\14\IMG_1244_1_edit5.png,14
Generated Pictures\Blur\14\IMG_1244_1_edit6.png,14
Generated Pictures\Blur\14\IMG_1244_1_edit7.png,14
Generated Pictures\Blur\14\IMG_1244_1_edit8.png,14
Generated Pictures\Blur\14\IMG_1244_1_edit9.png,14
Generated Pictures\Blur\14\IMG_1271_1_edit1.png,14
Generated Pictures\Blur\14\IMG_1271_1_edit2.png,14
Generated Pictures\Blur\14\IMG_1271_1_edit3.png,14
Generated Pictures\Blur\14\IMG_1271_1_edit4.png,14
Generated Pictures\Blur\14\IMG_1271_1_edit5.png,14
Generated Pictures\Blur\14\IMG_1271_1_edit6.png,14
Generated Pictures\Blur\14\IMG_1271_1_edit7.png,14
Generated Pictures\Blur\14\IMG_1271_1_edit8.png,14
Generated Pictures\Blur\14\IMG_1271_1_edit9.png,14
Generated Pictures\Blur\14\IMG_1272_1_edit1.png,14
Generated Pictures\Blur\14\IMG_1272_1_edit2.png,14
Generated Pictures\Blur\14\IMG_1272_1_edit3.png,14
Generated Pictures\Blur\14\IMG_1272_1_edit4.png,14
Generated Pictures\Blur\14\IMG_1272_1_edit5.png,14
Generated Pictures\Blur\14\IMG_1272_1_edit6.png,14
Generated Pictures\Blur\14\IMG_1272_1_edit7.png,14
Generated Pictures\Blur\14\IMG_1272_1_edit8.png,14
Generated Pictures\Blur\14\IMG_1272_1_edit9.png,14
Generated Pictures\Blur\15\IMG_1205_1_edit1.png,15
Generated Pictures\Blur\15\IMG_1205_1_edit2.png,15
Generated Pictures\Blur\15\IMG_1205_1_edit3.png,15
Generated Pictures\Blur\15\IMG_1205_1_edit4.png,15
Generated Pictures\Blur\15\IMG_1205_1_edit5.png,15
Generated Pictures\Blur\15\IMG_1205_1_edit6.png,15
Generated Pictures\Blur\15\IMG_1205_1_edit7.png,15
Generated Pictures\Blur\15\IMG_1205_1_edit8.png,15
Generated Pictures\Blur\15\IMG_1205_1_edit9.png,15
Generated Pictures\Blur\15\IMG_1206_1_edit1.png,15
Generated Pictures\Blur\15\IMG_1206_1_edit2.png,15
Generated Pictures\Blur\15\IMG_1206_1_edit3.png,15
Generated Pictures\Blur\15\IMG_1206_1_edit4.png,15
Generated Pictures\Blur\15\IMG_1206_1_edit5.png,15
Generated Pictures\Blur\15\IMG_1206_1_edit6.png,15
Generated Pictures\Blur\15\IMG_1206_1_edit7.png,15
Generated Pictures\Blur\15\IMG_1206_1_edit8.png,15
Generated Pictures\Blur\15\IMG_1206_1_edit9.png,15
Generated Pictures\Blur\15\IMG_1236_1_edit1.png,15
Generated Pictures\Blur\15\IMG_1236_1_edit2.png,15
Generated Pictures\Blur\15\IMG_1236_1_edit3.png,15
Generated Pictures\Blur\15\IMG_1236_1_edit4.png,15
Generated Pictures\Blur\15\IMG_1236_1_edit5.png,15
Generated Pictures\Blur\15\IMG_1236_1_edit6.png,15
Generated Pictures\Blur\15\IMG_1236_1_edit7.png,15
Generated Pictures\Blur\15\IMG_1236_1_edit8.png,15
Generated Pictures\Blur\15\IMG_1236_1_edit9.png,15
Generated Pictures\Blur\15\IMG_1256_1_edit1.png,15
Generated Pictures\Blur\15\IMG_1256_1_edit2.png,15
Generated Pictures\Blur\15\IMG_1256_1_edit3.png,15
Generated Pictures\Blur\15\IMG_1256_1_edit4.png,15
Generated Pictures\Blur\15\IMG_1256_1_edit5.png,15
Generated Pictures\Blur\15\IMG_1256_1_edit6.png,15
Generated Pictures\Blur\15\IMG_1256_1_edit7.png,15
Generated Pictures\Blur\15\IMG_1256_1_edit8.png,15
Generated Pictures\Blur\15\IMG_1256_1_edit9.png,15
Generated Pictures\Blur\17\IMG_1198_1_edit1.png,17
Generated Pictures\Blur\17\IMG_1198_1_edit2.png,17
Generated Pictures\Blur\17\IMG_1198_1_edit3.png,17
Generated Pictures\Blur\17\IMG_1198_1_edit4.png,17
Generated Pictures\Blur\17\IMG_1198_1_edit5.png,17
Generated Pictures\Blur\17\IMG_1198_1_edit6.png,17
Generated Pictures\Blur\17\IMG_1198_1_edit7.png,17
Generated Pictures\Blur\17\IMG_1198_1_edit8.png,17
Generated Pictures\Blur\17\IMG_1198_1_edit9.png,17
Generated Pictures\Blur\17\IMG_1199_1_edit1.png,17
Generated Pictures\Blur\17\IMG_1199_1_edit2.png,17
Generated Pictures\Blur\17\IMG_1199_1_edit3.png,17
Generated Pictures\Blur\17\IMG_1199_1_edit4.png,17
Generated Pictures\Blur\17\IMG_1199_1_edit5.png,17
Generated Pictures\Blur\17\IMG_1199_1_edit6.png,17
Generated Pictures\Blur\17\IMG_1199_1_edit7.png,17
Generated Pictures\Blur\17\IMG_1199_1_edit8.png,17
Generated Pictures\Blur\17\IMG_1199_1_edit9.png,17
Generated Pictures\Blur\17\IMG_1200_1_edit1.png,17
Generated Pictures\Blur\17\IMG_1200_1_edit2.png,17
Generated Pictures\Blur\17\IMG_1200_1_edit3.png,17
Generated Pictures\Blur\17\IMG_1200_1_edit4.png,17
Generated Pictures\Blur\17\IMG_1200_1_edit5.png,17
Generated Pictures\Blur\17\IMG_1200_1_edit6.png,17
Generated Pictures\Blur\17\IMG_1200_1_edit7.png,17
Generated Pictures\Blur\17\IMG_1200_1_edit8.png,17
Generated Pictures\Blur\17\IMG_1200_1_edit9.png,17
Generated Pictures\Blur\17\IMG_1207_1_edit1.png,17
Generated Pictures\Blur\17\IMG_1207_1_edit2.png,17
Generated Pictures\Blur\17\IMG_1207_1_edit3.png,17
Generated Pictures\Blur\17\IMG_1207_1_edit4.png,17
Generated Pictures\Blur\17\IMG_1207_1_edit5.png,17
Generated Pictures\Blur\17\IMG_1207_1_edit6.png,17
Generated Pictures\Blur\17\IMG_1207_1_edit7.png,17
Generated Pictures\Blur\17\IMG_1207_1_edit8.png,17
Generated Pictures\Blur\17\IMG_1207_1_edit9.png,17
Generated Pictures\Blur\17\IMG_1209_1_edit1.png,17
Generated Pictures\Blur\17\IMG_1209_1_edit2.png,17
Generated Pictures\Blur\17\IMG_1209_1_edit3.png,17
Generated Pictures\Blur\17\IMG_1209_1_edit4.png,17
Generated Pictures\Blur\17\IMG_1209_1_edit5.png,17
Generated Pictures\Blur\17\IMG_1209_1_edit6.png,17
Generated Pictures\Blur\17\IMG_1209_1_edit7.png,17
Generated Pictures\Blur\17\IMG_1209_1_edit8.png,17
Generated Pictures\Blur\17\IMG_1209_1_edit9.png,17
Generated Pictures\Blur\18\IMG_1268_1_edit1.png,18
Generated Pictures\Blur\18\IMG_1268_1_edit2.png,18
Generated Pictures\Blur\18\IMG_1268_1_edit3.png,18
Generated Pictures\Blur\18\IMG_1268_1_edit4.png,18
Generated Pictures\Blur\18\IMG_1268_1_edit5.png,18
Generated Pictures\Blur\18\IMG_1268_1_edit6.png,18
Generated Pictures\Blur\18\IMG_1268_1_edit7.png,18
Generated Pictures\Blur\18\IMG_1268_1_edit8.png,18
Generated Pictures\Blur\18\IMG_1268_1_edit9.png,18
Generated Pictures\Blur\18\IMG_1287_1_edit1.png,18
Generated Pictures\Blur\18\IMG_1287_1_edit2.png,18
Generated Pictures\Blur\18\IMG_1287_1_edit3.png,18
Generated Pictures\Blur\18\IMG_1287_1_edit4.png,18
Generated Pictures\Blur\18\IMG_1287_1_edit5.png,18
Generated Pictures\Blur\18\IMG_1287_1_edit6.png,18
Generated Pictures\Blur\18\IMG_1287_1_edit7.png,18
Generated Pictures\Blur\18\IMG_1287_1_edit8.png,18
Generated Pictures\Blur\18\IMG_1287_1_edit9.png,18
Generated Pictures\Blur\18\IMG_1289_1_edit1.png,18
Generated Pictures\Blur\18\IMG_1289_1_edit2.png,18
Generated Pictures\Blur\18\IMG_1289_1_edit3.png,18
Generated Pictures\Blur\18\IMG_1289_1_edit4.png,18
Generated Pictures\Blur\18\IMG_1289_1_edit5.png,18
Generated Pictures\Blur\18\IMG_1289_1_edit6.png,18
Generated Pictures\Blur\18\IMG_1289_1_edit7.png,18
Generated Pictures\Blur\18\IMG_1289_1_edit8.png,18
Generated Pictures\Blur\18\IMG_1289_1_edit9.png,18
Generated Pictures\Blur\21\IMG_1250_1_edit1.png,21
Generated Pictures\Blur\21\IMG_1250_1_edit2.png,21
Generated Pictures\Blur\21\IMG_1250_1_edit3.png,21
Generated Pictures\Blur\21\IMG_1250_1_edit4.png,21
Generated Pictures\Blur\21\IMG_1250_1_edit5.png,21
Generated Pictures\Blur\21\IMG_1250_1_edit6.png,21
Generated Pictures\Blur\21\IMG_1250_1_edit7.png,21
Generated Pictures\Blur\21\IMG_1250_1_edit8.png,21
Generated Pictures\Blur\21\IMG_1250_1_edit9.png,21
Generated Pictures\Blur\21\IMG_1258_1_edit1.png,21
Generated Pictures\Blur\21\IMG_1258_1_edit2.png,21
Generated Pictures\Blur\21\IMG_1258_1_edit3.png,21
Generated Pictures\Blur\21\IMG_1258_1_edit4.png,21
Generated Pictures\Blur\21\IMG_1258_1_edit5.png,21
Generated Pictures\Blur\21\IMG_1258_1_edit6.png,21
Generated Pictures\Blur\21\IMG_1258_1_edit7.png,21
Generated Pictures\Blur\21\IMG_1258_1_edit8.png,21
Generated Pictures\Blur\21\IMG_1258_1_edit9.png,21
Generated Pictures\Blur\21\IMG_1273_1_edit1.png,21
Generated Pictures\Blur\21\IMG_1273_1_edit2.png,21
Generated Pictures\Blur\21\IMG_1273_1_edit3.png,21
Generated Pictures\Blur\21\IMG_1273_1_edit4.png,21
Generated Pictures\Blur\21\IMG_1273_1_edit5.png,21
Generated Pictures\Blur\21\IMG_1273_1_edit6.png,21
Generated Pictures\Blur\21\IMG_1273_1_edit7.png,21
Generated Pictures\Blur\21\IMG_1273_1_edit8.png,21
Generated Pictures\Blur\21\IMG_1273_1_edit9.png,21
Generated Pictures\Blur\22\IMG_1243_1_edit1.png,22
Generated Pictures\Blur\22\IMG_1243_1_edit2.png,22
Generated Pictures\Blur\22\IMG_1243_1_edit3.png,22
Generated Pictures\Blur\22\IMG_1243_1_edit4.png,22
Generated Pictures\Blur\22\IMG_1243_1_edit5.png,22
Generated Pictures\Blur\22\IMG_1243_1_edit6.png,22
Generated Pictures\Blur\22\IMG_1243_1_edit7.png,22
Generated Pictures\Blur\22\IMG_1243_1_edit8.png,22
Generated Pictures\Blur\22\IMG_1243_1_edit9.png,22
Generated Pictures\Blur\22\IMG_1255_1_edit1.png,22
Generated Pictures\Blur\22\IMG_1255_1_edit2.png,22
Generated Pictures\Blur\22\IMG_1255_1_edit3.png,22
Generated Pictures\Blur\22\IMG_1255_1_edit4.png,22
Generated Pictures\Blur\22\IMG_1255_1_edit5.png,22
Generated Pictures\Blur\22\IMG_1255_1_edit6.png,22
Generated Pictures\Blur\22\IMG_1255_1_edit7.png,22
Generated Pictures\Blur\22\IMG_1255_1_edit8.png,22
Generated Pictures\Blur\22\IMG_1255_1_edit9.png,22
Generated Pictures\Blur\23\IMG_1247_1_edit1.png,23
Generated Pictures\Blur\23\IMG_1247_1_edit2.png,23
Generated Pictures\Blur\23\IMG_1247_1_edit3.png,23
Generated Pictures\Blur\23\IMG_1247_1_edit4.png,23
Generated Pictures\Blur\23\IMG_1247_1_edit5.png,23
Generated Pictures\Blur\23\IMG_1247_1_edit6.png,23
Generated Pictures\Blur\23\IMG_1247_1_edit7.png,23
Generated Pictures\Blur\23\IMG_1247_1_edit8.png,23
Generated Pictures\Blur\23\IMG_1247_1_edit9.png,23
Generated Pictures\Blur\23\IMG_1248_1_edit1.png,23
Generated Pictures\Blur\23\IMG_1248_1_edit2.png,23
Generated Pictures\Blur\23\IMG_1248_1_edit3.png,23
Generated Pictures\Blur\23\IMG_1248_1_edit4.png,23
Generated Pictures\Blur\23\IMG_1248_1_edit5.png,23
Generated Pictures\Blur\23\IMG_1248_1_edit6.png,23
Generated Pictures\Blur\23\IMG_1248_1_edit7.png,23
Generated Pictures\Blur\23\IMG_1248_1_edit8.png,23
Generated Pictures\Blur\23\IMG_1248_1_edit9.png,23
Generated Pictures\Blur\23\IMG_1249_1_edit1.png,23
Generated Pictures\Blur\23\IMG_1249_1_edit2.png,23
Generated Pictures\Blur\23\IMG_1249_1_edit3.png,23
Generated Pictures\Blur\23\IMG_1249_1_edit4.png,23
Generated Pictures\Blur\23\IMG_1249_1_edit5.png,23
Generated Pictures\Blur\23\IMG_1249_1_edit6.png,23
Generated Pictures\Blur\23\IMG_1249_1_edit7.png,23
Generated Pictures\Blur\23\IMG_1249_1_edit8.png,23
Generated Pictures\Blur\23\IMG_1249_1_edit9.png,23
Generated Pictures\Blur\26\IMG_1252_1_edit1.png,26
Generated Pictures\Blur\26\IMG_1252_1_edit2.png,26
Generated Pictures\Blur\26\IMG_1252_1_edit3.png,26
Generated Pictures\Blur\26\IMG_1252_1_edit4.png,26
Generated Pictures\Blur\26\IMG_1252_1_edit5.png,26
Generated Pictures\Blur\26\IMG_1252_1_edit6.png,26
Generated Pictures\Blur\26\IMG_1252_1_edit7.png,26
Generated Pictures\Blur\26\IMG_1252_1_edit8.png,26
Generated Pictures\Blur\26\IMG_1252_1_edit9.png,26
Generated Pictures\Blur\26\IMG_1253_1_edit1.png,26
Generated Pictures\Blur\26\IMG_1253_1_edit2.png,26
Generated Pictures\Blur\26\IMG_1253_1_edit3.png,26
Generated Pictures\Blur\26\IMG_1253_1_edit4.png,26
Generated Pictures\Blur\26\IMG_1253_1_edit5.png,26
Generated Pictures\Blur\26\IMG_1253_1_edit6.png,26
Generated Pictures\Blur\26\IMG_1253_1_edit7.png,26
Generated Pictures\Blur\26\IMG_1253_1_edit8.png,26
Generated Pictures\Blur\26\IMG_1253_1_edit9.png,26
Generated Pictures\Blur\26\IMG_1254_1_edit1.png,26
Generated Pictures\Blur\26\IMG_1254_1_edit2.png,26
Generated Pictures\Blur\26\IMG_1254_1_edit3.png,26
Generated Pictures\Blur\26\IMG_1254_1_edit4.png,26
Generated Pictures\Blur\26\IMG_1254_1_edit5.png,26
Generated Pictures\Blur\26\IMG_1254_1_edit6.png,26
Generated Pictures\Blur\26\IMG_1254_1_edit7.png,26
Generated Pictures\Blur\26\IMG_1254_1_edit8.png,26
Generated Pictures\Blur\26\IMG_1254_1_edit9.png,26
Generated Pictures\Blur\27\IMG_1228_1_edit1.png,27
Generated Pictures\Blur\27\IMG_1228_1_edit2.png,27
Generated Pictures\Blur\27\IMG_1228_1_edit3.png,27
Generated Pictures\Blur\27\IMG_1228_1_edit4.png,27
Generated Pictures\Blur\27\IMG_1228_1_edit5.png,27
Generated Pictures\Blur\27\IMG_1228_1_edit6.png,27
Generated Pictures\Blur\27\IMG_1228_1_edit7.png,27
Generated Pictures\Blur\27\IMG_1228_1_edit8.png,27
Generated Pictures\Blur\27\IMG_1228_1_edit9.png,27
Generated Pictures\Blur\27\IMG_1257_1_edit1.png,27
Generated Pictures\Blur\27\IMG_1257_1_edit2.png,27
Generated Pictures\Blur\27\IMG_1257_1_edit3.png,27
Generated Pictures\Blur\27\IMG_1257_1_edit4.png,27
Generated Pictures\Blur\27\IMG_1257_1_edit5.png,27
Generated Pictures\Blur\27\IMG_1257_1_edit6.png,27
Generated Pictures\Blur\27\IMG_1257_1_edit7.png,27
Generated Pictures\Blur\27\IMG_1257_1_edit8.png,27
Generated Pictures\Blur\27\IMG_1257_1_edit9.png,27
Generated Pictures\Blur\27\IMG_1267_1_edit1.png,27
Generated Pictures\Blur\27\IMG_1267_1_edit2.png,27
Generated Pictures\Blur\27\IMG_1267_1_edit3.png,27
Generated Pictures\Blur\27\IMG_1267_1_edit4.png,27
Generated Pictures\Blur\27\IMG_1267_1_edit5.png,27
Generated Pictures\Blur\27\IMG_1267_1_edit6.png,27
Generated Pictures\Blur\27\IMG_1267_1_edit7.png,27
Generated Pictures\Blur\27\IMG_1267_1_edit8.png,27
Generated Pictures\Blur\27\IMG_1267_1_edit9.png,27
Generated Pictures\Blur\32\IMG_1266_1_edit1.png,32
Generated Pictures\Blur\32\IMG_1266_1_edit2.png,32
Generated Pictures\Blur\32\IMG_1266_1_edit3.png,32
Generated Pictures\Blur\32\IMG_1266_1_edit4.png,32
Generated Pictures\Blur\32\IMG_1266_1_edit5.png,32
Generated Pictures\Blur\32\IMG_1266_1_edit6.png,32
Generated Pictures\Blur\32\IMG_1266_1_edit7.png,32
Generated Pictures\Blur\32\IMG_1266_1_edit8.png,32
Generated Pictures\Blur\32\IMG_1266_1_edit9.png,32
Generated Pictures\Blur\32\IMG_1274_1_edit1.png,32
Generated Pictures\Blur\32\IMG_1274_1_edit2.png,32
Generated Pictures\Blur\32\IMG_1274_1_edit3.png,32
Generated Pictures\Blur\32\IMG_1274_1_edit4.png,32
Generated Pictures\Blur\32\IMG_1274_1_edit5.png,32
Generated Pictures\Blur\32\IMG_1274_1_edit6.png,32
Generated Pictures\Blur\32\IMG_1274_1_edit7.png,32
Generated Pictures\Blur\32\IMG_1274_1_edit8.png,32
Generated Pictures\Blur\32\IMG_1274_1_edit9.png,32
Generated Pictures\Blur\32\IMG_1288_1_edit1.png,32
Generated Pictures\Blur\32\IMG_1288_1_edit2.png,32
Generated Pictures\Blur\32\IMG_1288_1_edit3.png,32
Generated Pictures\Blur\32\IMG_1288_1_edit4.png,32
Generated Pictures\Blur\32\IMG_1288_1_edit5.png,32
Generated Pictures\Blur\32\IMG_1288_1_edit6.png,32
Generated Pictures\Blur\32\IMG_1288_1_edit7.png,32
Generated Pictures\Blur\32\IMG_1288_1_edit8.png,32
Generated Pictures\Blur\32\IMG_1288_1_edit9.png,32
Generated Pictures\Blur\33\IMG_1262_1_edit1.png,33
Generated Pictures\Blur\33\IMG_1262_1_edit2.png,33
Generated Pictures\Blur\33\IMG_1262_1_edit3.png,33
Generated Pictures\Blur\33\IMG_1262_1_edit4.png,33
Generated Pictures\Blur\33\IMG_1262_1_edit5.png,33
Generated Pictures\Blur\33\IMG_1262_1_edit6.png,33
Generated Pictures\Blur\33\IMG_1262_1_edit7.png,33
Generated Pictures\Blur\33\IMG_1262_1_edit8.png,33
Generated Pictures\Blur\33\IMG_1262_1_edit9.png,33
Generated Pictures\Blur\33\IMG_1263_1_edit1.png,33
Generated Pictures\Blur\33\IMG_1263_1_edit2.png,33
Generated Pictures\Blur\33\IMG_1263_1_edit3.png,33
Generated Pictures\Blur\33\IMG_1263_1_edit4.png,33
Generated Pictures\Blur\33\IMG_1263_1_edit5.png,33
Generated Pictures\Blur\33\IMG_1263_1_edit6.png,33
Generated Pictures\Blur\33\IMG_1263_1_edit7.png,33
Generated Pictures\Blur\33\IMG_1263_1_edit8.png,33
Generated Pictures\Blur\33\IMG_1263_1_edit9.png,33
Generated Pictures\Blur\33\IMG_1282_1_edit1.png,33
Generated Pictures\Blur\33\IMG_1282_1_edit2.png,33
Generated Pictures\Blur\33\IMG_1282_1_edit3.png,33
Generated Pictures\Blur\33\IMG_1282_1_edit4.png,33
Generated Pictures\Blur\33\IMG_1282_1_edit5.png,33
Generated Pictures\Blur\33\IMG_1282_1_edit6.png,33
Generated Pictures\Blur\33\IMG_1282_1_edit7.png,33
Generated Pictures\Blur\33\IMG_1282_1_edit8.png,33
Generated Pictures\Blur\33\IMG_1282_1_edit9.png,33
Generated Pictures\Blur\35\IMG_1278_1_edit1.png,35
Generated Pictures\Blur\35\IMG_1278_1_edit2.png,35
Generated Pictures\Blur\35\IMG_1278_1_edit3.png,35
Generated Pictures\Blur\35\IMG_1278_1_edit4.png,35
Generated Pictures\Blur\35\IMG_1278_1_edit5.png,35
Generated Pictures\Blur\35\IMG_1278_1_edit6.png,35
Generated Pictures\Blur\35\IMG_1278_1_edit7.png,35
Generated Pictures\Blur\35\IMG_1278_1_edit8.png,35
Generated Pictures\Blur\35\IMG_1278_1_edit9.png,35
Generated Pictures\Blur\35\IMG_1279_edit1.png,35
Generated Pictures\Blur\35\IMG_1279_edit2.png,35
Generated Pictures\Blur\35\IMG_1279_edit3.png,35
Generated Pictures\Blur\35\IMG_1279_edit4.png,35
Generated Pictures\Blur\35\IMG_1279_edit5.png,35
Generated Pictures\Blur\35\IMG_1279_edit6.png,35
Generated Pictures\Blur\35\IMG_1279_edit7.png,35
Generated Pictures\Blur\35\IMG_1279_edit8.png,35
Generated Pictures\Blur\35\IMG_1279_edit9.png,35
Generated Pictures\Blur\35\IMG_1285_1_edit1.png,35
Generated Pictures\Blur\35\IMG_1285_1_edit2.png,35
Generated Pictures\Blur\35\IMG_1285_1_edit3.png,35
Generated Pictures\Blur\35\IMG_1285_1_edit4.png,35
Generated Pictures\Blur\35\IMG_1285_1_edit5.png,35
Generated Pictures\Blur\35\IMG_1285_1_edit6.png,35
Generated Pictures\Blur\35\IMG_1285_1_edit7.png,35
Generated Pictures\Blur\35\IMG_1285_1_edit8.png,35
Generated Pictures\Blur\35\IMG_1285_1_edit9.png,35
Generated Pictures\Blur\38\IMG_1261_1_edit1.png,38
Generated Pictures\Blur\38\IMG_1261_1_edit2.png,38
Generated Pictures\Blur\38\IMG_1261_1_edit3.png,38
Generated Pictures\Blur\38\IMG_1261_1_edit4.png,38
Generated Pictures\Blur\38\IMG_1261_1_edit5.png,38
Generated Pictures\Blur\38\IMG_1261_1_edit6.png,38
Generated Pictures\Blur\38\IMG_1261_1_edit7.png,38
Generated Pictures\Blur\38\IMG_1261_1_edit8.png,38
Generated Pictures\Blur\38\IMG_1261_1_edit9.png,38
Generated Pictures\Blur\38\IMG_1269_1_edit1.png,38
Generated Pictures\Blur\38\IMG_1269_1_edit2.png,38
Generated Pictures\Blur\38\IMG_1269_1_edit3.png,38
Generated Pictures\Blur\38\IMG_1269_1_edit4.png,38
Generated Pictures\Blur\38\IMG_1269_1_edit5.png,38
Generated Pictures\Blur\38\IMG_1269_1_edit6.png,38
Generated Pictures\Blur\38\IMG_1269_1_edit7.png,38
Generated Pictures\Blur\38\IMG_1269_1_edit8.png,38
Generated Pictures\Blur\38\IMG_1269_1_edit9.png,38
Generated Pictures\Blur\38\IMG_1276_1_edit1.png,38
Generated Pictures\Blur\38\IMG_1276_1_edit2.png,38
Generated Pictures\Blur\38\IMG_1276_1_edit3.png,38
Generated Pictures\Blur\38\IMG_1276_1_edit4.png,38
Generated Pictures\Blur\38\IMG_1276_1_edit5.png,38
Generated Pictures\Blur\38\IMG_1276_1_edit6.png,38
Generated Pictures\Blur\38\IMG_1276_1_edit7.png,38
Generated Pictures\Blur\38\IMG_1276_1_edit8.png,38
Generated Pictures\Blur\38\IMG_1276_1_edit9.png,38
