path,folder
Generated Pictures\Gray Scale\1\IMG_1202_Grayscale0.png,1
Generated Pictures\Gray Scale\1\IMG_1202_Grayscale100.png,1
Generated Pictures\Gray Scale\1\IMG_1202_Grayscale120.png,1
Generated Pictures\Gray Scale\1\IMG_1202_Grayscale140.png,1
Generated Pictures\Gray Scale\1\IMG_1202_Grayscale160.png,1
Generated Pictures\Gray Scale\1\IMG_1202_Grayscale180.png,1
Generated Pictures\Gray Scale\1\IMG_1202_Grayscale20.png,1
Generated Pictures\Gray Scale\1\IMG_1202_Grayscale40.png,1
Generated Pictures\Gray Scale\1\IMG_1202_Grayscale60.png,1
Generated Pictures\Gray Scale\1\IMG_1202_Grayscale80.png,1
Generated Pictures\Gray Scale\1\IMG_1203_Grayscale0.png,1
Generated Pictures\Gray Scale\1\IMG_1203_Grayscale100.png,1
Generated Pictures\Gray Scale\1\IMG_1203_Grayscale120.png,1
Generated Pictures\Gray Scale\1\IMG_1203_Grayscale140.png,1
Generated Pictures\Gray Scale\1\IMG_1203_Grayscale160.png,1
Generated Pictures\Gray Scale\1\IMG_1203_Grayscale180.png,1
Generated Pictures\Gray Scale\1\IMG_1203_Grayscale20.png,1
Generated Pictures\Gray Scale\1\IMG_1203_Grayscale40.png,1
Generated Pictures\Gray Scale\1\IMG_1203_Grayscale60.png,1
Generated Pictures\Gray Scale\1\IMG_1203_Grayscale80.png,1
Generated Pictures\Gray Scale\1\IMG_1204_Grayscale0.png,1
Generated Pictures\Gray Scale\1\IMG_1204_Grayscale100.png,1
Generated Pictures\Gray Scale\1\IMG_1204_Grayscale120.png,1
Generated Pictures\Gray Scale\1\IMG_1204_Grayscale140.png,1
Generated Pictures\Gray Scale\1\IMG_1204_Grayscale160.png,1
Generated Pictures\Gray Scale\1\IMG_1204_Grayscale180.png,1
Generated Pictures\Gray Scale\1\IMG_1204_Grayscale20.png,1
Generated Pictures\Gray Scale\1\IMG_1204_Grayscale40.png,1
Generated Pictures\Gray Scale\1\IMG_1204_Grayscale60.png,1
Generated Pictures\Gray Scale\1\IMG_1204_Grayscale80.png,1
Generated Pictures\Gray Scale\1\IMG_1205_Grayscale0.png,1
Generated Pictures\Gray Scale\1\IMG_1205_Grayscale100.png,1
Generated Pictures\Gray Scale\1\IMG_1205_Grayscale120.png,1
Generated Pictures\Gray Scale\1\IMG_1205_Grayscale140.png,1
Generated Pictures\Gray Scale\1\IMG_1205_Grayscale160.png,1
Generated Pictures\Gray Scale\1\IMG_1205_Grayscale180.png,1
Generated Pictures\Gray Scale\1\IMG_1205_Grayscale20.png,1
Generated Pictures\Gray Scale\1\IMG_1205_Grayscale40.png,1
Generated Pictures\Gray Scale\1\IMG_1205_Grayscale60.png,1
Generated Pictures\Gray Scale\1\IMG_1205_Grayscale80.png,1
Generated Pictures\Gray Scale\2\IMG_1216_1_Grayscale0.png,2
Generated Pictures\Gray Scale\2\IMG_1216_1_Grayscale100.png,2
Generated Pictures\Gray Scale\2\IMG_1216_1_Grayscale120.png,2
Generated Pictures\Gray Scale\2\IMG_1216_1_Grayscale140.png,2
Generated Pictures\Gray Scale\2\IMG_1216_1_Grayscale160.png,2
Generated Pictures\Gray Scale\2\IMG_1216_1_Grayscale180.png,2
Generated Pictures\Gray Scale\2\IMG_1216_1_Grayscale20.png,2
Generated Pictures\Gray Scale\2\IMG_1216_1_Grayscale40.png,2
Generated Pictures\Gray Scale\2\IMG_1216_1_Grayscale60.png,2
Generated Pictures\Gray Scale\2\IMG_1216_1_Grayscale80.png,2
Generated Pictures\Gray Scale\2\IMG_1224_1_Grayscale0.png,2
Generated Pictures\Gray Scale\2\IMG_1224_1_Grayscale100.png,2
Generated Pictures\Gray Scale\2\IMG_1224_1_Grayscale120.png,2
Generated Pictures\Gray Scale\2\IMG_1224_1_Grayscale140.png,2
Generated Pictures\Gray Scale\2\IMG_1224_1_Grayscale160.png,2
Generated Pictures\Gray Scale\2\IMG_1224_1_Grayscale180.png,2
Generated Pictures\Gray Scale\2\IMG_1224_1_Grayscale20.png,2
Generated Pictures\Gray Scale\2\IMG_1224_1_Grayscale40.png,2
Generated Pictures\Gray Scale\2\IMG_1224_1_Grayscale60.png,2
Generated Pictures\Gray Scale\2\IMG_1224_1_Grayscale80.png,2
Generated Pictures\Gray Scale\2\IMG_1237_1_Grayscale0.png,2
Generated Pictures\Gray Scale\2\IMG_1237_1_Grayscale100.png,2
Generated Pictures\Gray Scale\2\IMG_1237_1_Grayscale120.png,2
Generated Pictures\Gray Scale\2\IMG_1237_1_Grayscale140.png,2
Generated Pictures\Gray Scale\2\IMG_1237_1_Grayscale160.png,2
Generated Pictures\Gray Scale\2\IMG_1237_1_Grayscale180.png,2
Generated Pictures\Gray Scale\2\IMG_1237_1_Grayscale20.png,2
Generated Pictures\Gray Scale\2\IMG_1237_1_Grayscale40.png,2
Generated Pictures\Gray Scale\2\IMG_1237_1_Grayscale60.png,2
Generated Pictures\Gray Scale\2\IMG_1237_1_Grayscale80.png,2
Generated Pictures\Gray Scale\4\IMG_1225_1_Grayscale0.png,4
Generated Pictures\Gray Scale\4\IMG_1225_1_Grayscale100.png,4
Generated Pictures\Gray Scale\4\IMG_1225_1_Grayscale120.png,4
Generated Pictures\Gray Scale\4\IMG_1225_1_Grayscale140.png,4
Generated Pictures\Gray Scale\4\IMG_1225_1_Grayscale160.png,4
Generated Pictures\Gray Scale\4\IMG_1225_1_Grayscale180.png,4
Generated Pictures\Gray Scale\4\IMG_1225_1_Grayscale20.png,4
Generated Pictures\Gray Scale\4\IMG_1225_1_Grayscale40.png,4
Generated Pictures\Gray Scale\4\IMG_1225_1_Grayscale60.png,4
Generated Pictures\Gray Scale\4\IMG_1225_1_Grayscale80.png,4
Generated Pictures\Gray Scale\4\IMG_1230_1_Grayscale0.png,4
Generated Pictures\Gray Scale\4\IMG_1230_1_Grayscale100.png,4
Generated Pictures\Gray Scale\4\IMG_1230_1_Grayscale120.png,4
Generated Pictures\Gray Scale\4\IMG_1230_1_Grayscale140.png,4
Generated Pictures\Gray Scale\4\IMG_1230_1_Grayscale160.png,4
Generated Pictures\Gray Scale\4\IMG_1230_1_Grayscale180.png,4
Generated Pictures\Gray Scale\4\IMG_1230_1_Grayscale20.png,4
Generated Pictures\Gray Scale\4\IMG_1230_1_Grayscale40.png,4
Generated Pictures\Gray Scale\4\IMG_1230_1_Grayscale60.png,4
Generated Pictures\Gray Scale\4\IMG_1230_1_Grayscale80.png,4
Generated Pictures\Gray Scale\4\IMG_1231_1_Grayscale0.png,4
Generated Pictures\Gray Scale\4\IMG_1231_1_Grayscale100.png,4
Generated Pictures\Gray Scale\4\IMG_1231_1_Grayscale120.png,4
Generated Pictures\Gray Scale\4\IMG_1231_1_Grayscale140.png,4
Generated Pictures\Gray Scale\4\IMG_1231_1_Grayscale160.png,4
Generated Pictures\Gray Scale\4\IMG_1231_1_Grayscale180.png,4
Generated Pictures\Gray Scale\4\IMG_1231_1_Grayscale20.png,4
Generated Pictures\Gray Scale\4\IMG_1231_1_Grayscale40.png,4
Generated Pictures\Gray Scale\4\IMG_1231_1_Grayscale60.png,4
Generated Pictures\Gray Scale\4\IMG_1231_1_Grayscale80.png,4
Generated Pictures\Gray Scale\4\IMG_1232_1_Grayscale0.png,4
Generated Pictures\Gray Scale\4\IMG_1232_1_Grayscale100.png,4
Generated Pictures\Gray Scale\4\IMG_1232_1_Grayscale120.png,4
Generated Pictures\Gray Scale\4\IMG_1232_1_Grayscale140.png,4
Generated Pictures\Gray Scale\4\IMG_1232_1_Grayscale160.png,4
Generated Pictures\Gray Scale\4\IMG_1232_1_Grayscale180.png,4
Generated Pictures\Gray Scale\4\IMG_1232_1_Grayscale20.png,4
Generated Pictures\Gray Scale\4\IMG_1232_1_Grayscale40.png,4
Generated Pictures\Gray Scale\4\IMG_1232_1_Grayscale60.png,4
Generated Pictures\Gray Scale\4\IMG_1232_1_Grayscale80.png,4
Generated Pictures\Gray Scale\4\IMG_1280_1_Grayscale0.png,4
Generated Pictures\Gray Scale\4\IMG_1280_1_Grayscale100.png,4
Generated Pictures\Gray Scale\4\IMG_1280_1_Grayscale120.png,4
Generated Pictures\Gray Scale\4\IMG_1280_1_Grayscale140.png,4
Generated Pictures\Gray Scale\4\IMG_1280_1_Grayscale160.png,4
Generated Pictures\Gray Scale\4\IMG_1280_1_Grayscale180.png,4
Generated Pictures\Gray Scale\4\IMG_1280_1_Grayscale20.png,4
Generated Pictures\Gray Scale\4\IMG_1280_1_Grayscale40.png,4
Generated Pictures\Gray Scale\4\IMG_1280_1_Grayscale60.png,4
Generated Pictures\Gray Scale\4\IMG_1280_1_Grayscale80.png,4
Generated Pictures\Gray Scale\7\IMG_1259_1_Grayscale0.png,7
Generated Pictures\Gray Scale\7\IMG_1259_1_Grayscale100.png,7
Generated Pictures\Gray Scale\7\IMG_1259_1_Grayscale120.png,7
Generated Pictures\Gray Scale\7\IMG_1259_1_Grayscale140.png,7
Generated Pictures\Gray Scale\7\IMG_1259_1_Grayscale160.png,7
Generated Pictures\Gray Scale\7\IMG_1259_1_Grayscale180.png,7
Generated Pictures\Gray Scale\7\IMG_1259_1_Grayscale20.png,7
Generated Pictures\Gray Scale\7\IMG_1259_1_Grayscale40.png,7
Generated Pictures\Gray Scale\7\IMG_1259_1_Grayscale60.png,7
Generated Pictures\Gray Scale\7\IMG_1259_1_Grayscale80.png,7
Generated Pictures\Gray Scale\7\IMG_1264_1_Grayscale0.png,7
Generated Pictures\Gray Scale\7\IMG_1264_1_Grayscale100.png,7
Generated Pictures\Gray Scale\7\IMG_1264_1_Grayscale120.png,7
Generated Pictures\Gray Scale\7\IMG_1264_1_Grayscale140.png,7
Generated Pictures\Gray Scale\7\IMG_1264_1_Grayscale160.png,7
Generated Pictures\Gray Scale\7\IMG_1264_1_Grayscale180.png,7
Generated Pictures\Gray Scale\7\IMG_1264_1_Grayscale20.png,7
Generated Pictures\Gray Scale\7\IMG_1264_1_Grayscale40.png,7
Generated Pictures\Gray Scale\7\IMG_1264_1_Grayscale60.png,7
Generated Pictures\Gray Scale\7\IMG_1264_1_Grayscale80.png,7
Generated Pictures\Gray Scale\7\IMG_1265_1_Grayscale0.png,7
Generated Pictures\Gray Scale\7\IMG_1265_1_Grayscale100.png,7
Generated Pictures\Gray Scale\7\IMG_1265_1_Grayscale120.png,7
Generated Pictures\Gray Scale\7\IMG_1265_1_Grayscale140.png,7
Generated Pictures\Gray Scale\7\IMG_1265_1_Grayscale160.png,7
Generated Pictures\Gray Scale\7\IMG_1265_1_Grayscale180.png,7
Generated Pictures\Gray Scale\7\IMG_1265_1_Grayscale20.png,7
Generated Pictures\Gray Scale\7\IMG_1265_1_Grayscale40.png,7
Generated Pictures\Gray Scale\7\IMG_1265_1_Grayscale60.png,7
Generated Pictures\Gray Scale\7\IMG_1265_1_Grayscale80.png,7
Generated Pictures\Gray Scale\11\IMG_1214_1_Grayscale0.png,11
Generated Pictures\Gray Scale\11\IMG_1214_1_Grayscale100.png,11
Generated Pictures\Gray Scale\11\IMG_1214_1_Grayscale120.png,11
Generated Pictures\Gray Scale\11\IMG_1214_1_Grayscale140.png,11
Generated Pictures\Gray Scale\11\IMG_1214_1_Grayscale160.png,11
Generated Pictures\Gray Scale\11\IMG_1214_1_Grayscale180.png,11
Generated Pictures\Gray Scale\11\IMG_1214_1_Grayscale20.png,11
Generated Pictures\Gray Scale\11\IMG_1214_1_Grayscale40.png,11
Generated Pictures\Gray Scale\11\IMG_1214_1_Grayscale60.png,11
Generated Pictures\Gray Scale\11\IMG_1214_1_Grayscale80.png,11
Generated Pictures\Gray Scale\11\IMG_1215_1_Grayscale0.png,11
Generated Pictures\Gray Scale\11\IMG_1215_1_Grayscale100.png,11
Generated Pictures\Gray Scale\11\IMG_1215_1_Grayscale120.png,11
Generated Pictures\Gray Scale\11\IMG_1215_1_Grayscale140.png,11
Generated Pictures\Gray Scale\11\IMG_1215_1_Grayscale160.png,11
Generated Pictures\Gray Scale\11\IMG_1215_1_Grayscale180.png,11
Generated Pictures\Gray Scale\11\IMG_1215_1_Grayscale20.png,11
Generated Pictures\Gray Scale\11\IMG_1215_1_Grayscale40.png,11
Generated Pictures\Gray Scale\11\IMG_1215_1_Grayscale60.png,11
Generated Pictures\Gray Scale\11\IMG_1215_1_Grayscale80.png,11
Generated Pictures\Gray Scale\11\IMG_1275_1_Grayscale0.png,11
Generated Pictures\Gray Scale\11\IMG_1275_1_Grayscale100.png,11
Generated Pictures\Gray Scale\11\IMG_1275_1_Grayscale120.png,11
Generated Pictures\Gray Scale\11\IMG_1275_1_Grayscale140.png,11
Generated Pictures\Gray Scale\11\IMG_1275_1_Grayscale160.png,11
Generated Pictures\Gray Scale\11\IMG_1275_1_Grayscale180.png,11
Generated Pictures\Gray Scale\11\IMG_1275_1_Grayscale20.png,11
Generated Pictures\Gray Scale\11\IMG_1275_1_Grayscale40.png,11
Generated Pictures\Gray Scale\11\IMG_1275_1_Grayscale60.png,11
Generated Pictures\Gray Scale\11\IMG_1275_1_Grayscale80.png,11
Generated Pictures\Gray Scale\12\IMG_1220_1_Grayscale0.png,12
Generated Pictures\Gray Scale\12\IMG_1220_1_Grayscale100.png,12
Generated Pictures\Gray Scale\12\IMG_1220_1_Grayscale120.png,12
Generated Pictures\Gray Scale\12\IMG_1220_1_Grayscale140.png,12
Generated Pictures\Gray Scale\12\IMG_1220_1_Grayscale160.png,12
Generated Pictures\Gray Scale\12\IMG_1220_1_Grayscale180.png,12
Generated Pictures\Gray Scale\12\IMG_1220_1_Grayscale20.png,12
Generated Pictures\Gray Scale\12\IMG_1220_1_Grayscale40.png,12
Generated Pictures\Gray Scale\12\IMG_1220_1_Grayscale60.png,12
Generated Pictures\Gray Scale\12\IMG_1220_1_Grayscale80.png,12
Generated Pictures\Gray Scale\12\IMG_1223_Grayscale0.png,12
Generated Pictures\Gray Scale\12\IMG_1223_Grayscale100.png,12
Generated Pictures\Gray Scale\12\IMG_1223_Grayscale120.png,12
Generated Pictures\Gray Scale\12\IMG_1223_Grayscale140.png,12
Generated Pictures\Gray Scale\12\IMG_1223_Grayscale160.png,12
Generated Pictures\Gray Scale\12\IMG_1223_Grayscale180.png,12
Generated Pictures\Gray Scale\12\IMG_1223_Grayscale20.png,12
Generated Pictures\Gray Scale\12\IMG_1223_Grayscale40.png,12
Generated Pictures\Gray Scale\12\IMG_1223_Grayscale60.png,12
Generated Pictures\Gray Scale\12\IMG_1223_Grayscale80.png,12
Generated Pictures\Gray Scale\12\IMG_1227_1_Grayscale0.png,12
Generated Pictures\Gray Scale\12\IMG_1227_1_Grayscale100.png,12
Generated Pictures\Gray Scale\12\IMG_1227_1_Grayscale120.png,12
Generated Pictures\Gray Scale\12\IMG_1227_1_Grayscale140.png,12
Generated Pictures\Gray Scale\12\IMG_1227_1_Grayscale160.png,12
Generated Pictures\Gray Scale\12\IMG_1227_1_Grayscale180.png,12
Generated Pictures\Gray Scale\12\IMG_1227_1_Grayscale20.png,12
Generated Pictures\Gray Scale\12\IMG_1227_1_Grayscale40.png,12
Generated Pictures\Gray Scale\12\IMG_1227_1_Grayscale60.png,12
Generated Pictures\Gray Scale\12\IMG_1227_1_Grayscale80.png,12
Generated Pictures\Gray Scale\12\IMG_1233_1_Grayscale0.png,12
Generated Pictures\Gray Scale\12\IMG_1233_1_Grayscale100.png,12
Generated Pictures\Gray Scale\12\IMG_1233_1_Grayscale120.png,12
Generated Pictures\Gray Scale\12\IMG_1233_1_Grayscale140.png,12
Generated Pictures\Gray Scale\12\IMG_1233_1_Grayscale160.png,12
Generated Pictures\Gray Scale\12\IMG_1233_1_Grayscale180.png,12
Generated Pictures\Gray Scale\12\IMG_1233_1_Grayscale20.png,12
Generated Pictures\Gray Scale\12\IMG_1233_1_Grayscale40.png,12
Generated Pictures\Gray Scale\12\IMG_1233_1_Grayscale60.png,12
Generated Pictures\Gray Scale\12\IMG_1233_1_Grayscale80.png,12
Generated Pictures\Gray Scale\13\IMG_1190_1_Grayscale0.png,13
Generated Pictures\Gray Scale\13\IMG_1190_1_Grayscale100.png,13
Generated Pictures\Gray Scale\13\IMG_1190_1_Grayscale120.png,13
Generated Pictures\Gray Scale\13\IMG_1190_1_Grayscale140.png,13
Generated Pictures\Gray Scale\13\IMG_1190_1_Grayscale160.png,13
Generated Pictures\Gray Scale\13\IMG_1190_1_Grayscale180.png,13
Generated Pictures\Gray Scale\13\IMG_1190_1_Grayscale20.png,13
Generated Pictures\Gray Scale\13\IMG_1190_1_Grayscale40.png,13
Generated Pictures\Gray Scale\13\IMG_1190_1_Grayscale60.png,13
Generated Pictures\Gray Scale\13\IMG_1190_1_Grayscale80.png,13
Generated Pictures\Gray Scale\13\IMG_1191_1_Grayscale0.png,13
Generated Pictures\Gray Scale\13\IMG_1191_1_Grayscale100.png,13
Generated Pictures\Gray Scale\13\IMG_1191_1_Grayscale120.png,13
Generated Pictures\Gray Scale\13\IMG_1191_1_Grayscale140.png,13
Generated Pictures\Gray Scale\13\IMG_1191_1_Grayscale160.png,13
Generated Pictures\Gray Scale\13\IMG_1191_1_Grayscale180.png,13
Generated Pictures\Gray Scale\13\IMG_1191_1_Grayscale20.png,13
Generated Pictures\Gray Scale\13\IMG_1191_1_Grayscale40.png,13
Generated Pictures\Gray Scale\13\IMG_1191_1_Grayscale60.png,13
Generated Pictures\Gray Scale\13\IMG_1191_1_Grayscale80.png,13
Generated Pictures\Gray Scale\13\IMG_1192_1_Grayscale0.png,13
Generated Pictures\Gray Scale\13\IMG_1192_1_Grayscale100.png,13
Generated Pictures\Gray Scale\13\IMG_1192_1_Grayscale120.png,13
Generated Pictures\Gray Scale\13\IMG_1192_1_Grayscale140.png,13
Generated Pictures\Gray Scale\13\IMG_1192_1_Grayscale160.png,13
Generated Pictures\Gray Scale\13\IMG_1192_1_Grayscale180.png,13
Generated Pictures\Gray Scale\13\IMG_1192_1_Grayscale20.png,13
Generated Pictures\Gray Scale\13\IMG_1192_1_Grayscale40.png,13
Generated Pictures\Gray Scale\13\IMG_1192_1_Grayscale60.png,13
Generated Pictures\Gray Scale\13\IMG_1192_1_Grayscale80.png,13
Generated Pictures\Gray Scale\13\IMG_1204_1_Grayscale0.png,13
Generated Pictures\Gray Scale\13\IMG_1204_1_Grayscale100.png,13
Generated Pictures\Gray Scale\13\IMG_1204_1_Grayscale120.png,13
Generated Pictures\Gray Scale\13\IMG_1204_1_Grayscale140.png,13
Generated Pictures\Gray Scale\13\IMG_1204_1_Grayscale160.png,13
Generated Pictures\Gray Scale\13\IMG_1204_1_Grayscale180.png,13
Generated Pictures\Gray Scale\13\IMG_1204_1_Grayscale20.png,13
Generated Pictures\Gray Scale\13\IMG_1204_1_Grayscale40.png,13
Generated Pictures\Gray Scale\13\IMG_1204_1_Grayscale60.png,13
Generated Pictures\Gray Scale\13\IMG_1204_1_Grayscale80.png,13
Generated Pictures\Gray Scale\13\IMG_1221_1_Grayscale0.png,13
Generated Pictures\Gray Scale\13\IMG_1221_1_Grayscale100.png,13
Generated Pictures\Gray Scale\13\IMG_1221_1_Grayscale120.png,13
Generated Pictures\Gray Scale\13\IMG_1221_1_Grayscale140.png,13
Generated Pictures\Gray Scale\13\IMG_1221_1_Grayscale160.png,13
Generated Pictures\Gray Scale\13\IMG_1221_1_Grayscale180.png,13
Generated Pictures\Gray Scale\13\IMG_1221_1_Grayscale20.png,13
Generated Pictures\Gray Scale\13\IMG_1221_1_Grayscale40.png,13
Generated Pictures\Gray Scale\13\IMG_1221_1_Grayscale60.png,13
Generated Pictures\Gray Scale\13\IMG_1221_1_Grayscale80.png,13
Generated Pictures\Gray Scale\13\IMG_1229_1_Grayscale0.png,13
Generated Pictures\Gray Scale\13\IMG_1229_1_Grayscale100.png,13
Generated Pictures\Gray Scale\13\IMG_1229_1_Grayscale120.png,13
Generated Pictures\Gray Scale\13\IMG_1229_1_Grayscale140.png,13
Generated Pictures\Gray Scale\13\IMG_1229_1_Grayscale160.png,13
Generated Pictures\Gray Scale\13\IMG_1229_1_Grayscale180.png,13
Generated Pictures\Gray Scale\13\IMG_1229_1_Grayscale20.png,13
Generated Pictures\Gray Scale\13\IMG_1229_1_Grayscale40.png,13
Generated Pictures\Gray Scale\13\IMG_1229_1_Grayscale60.png,13
Generated Pictures\Gray Scale\13\IMG_1229_1_Grayscale80.png,13
Generated Pictures\Gray Scale\14\IMG_1244_1_Grayscale0.png,14
Generated Pictures\Gray Scale\14\IMG_1244_1_Grayscale100.png,14
Generated Pictures\Gray Scale\14\IMG_1244_1_Grayscale120.png,14
Generated Pictures\Gray Scale\14\IMG_1244_1_Grayscale140.png,14
Generated Pictures\Gray Scale\14\IMG_1244_1_Grayscale160.png,14
Generated Pictures\Gray Scale\14\IMG_1244_1_Grayscale180.png,14
Generated Pictures\Gray Scale\14\IMG_1244_1_Grayscale20.png,14
Generated Pictures\Gray Scale\14\IMG_1244_1_Grayscale40.png,14
Generated Pictures\Gray Scale\14\IMG_1244_1_Grayscale60.png,14
Generated Pictures\Gray Scale\14\IMG_1244_1_Grayscale80.png,14
Generated Pictures\Gray Scale\14\IMG_1271_1_Grayscale0.png,14
Generated Pictures\Gray Scale\14\IMG_1271_1_Grayscale100.png,14
Generated Pictures\Gray Scale\14\IMG_1271_1_Grayscale120.png,14
Generated Pictures\Gray Scale\14\IMG_1271_1_Grayscale140.png,14
Generated Pictures\Gray Scale\14\IMG_1271_1_Grayscale160.png,14
Generated Pictures\Gray Scale\14\IMG_1271_1_Grayscale180.png,14
Generated Pictures\Gray Scale\14\IMG_1271_1_Grayscale20.png,14
Generated Pictures\Gray Scale\14\IMG_1271_1_Grayscale40.png,14
Generated Pictures\Gray Scale\14\IMG_1271_1_Grayscale60.png,14
Generated Pictures\Gray Scale\14\IMG_1271_1_Grayscale80.png,14
Generated Pictures\Gray Scale\14\IMG_1272_1_Grayscale0.png,14
Generated Pictures\Gray Scale\14\IMG_1272_1_Grayscale100.png,14
Generated Pictures\Gray Scale\14\IMG_1272_1_Grayscale120.png,14
Generated Pictures\Gray Scale\14\IMG_1272_1_Grayscale140.png,14
Generated Pictures\Gray Scale\14\IMG_1272_1_Grayscale160.png,14
Generated Pictures\Gray Scale\14\IMG_1272_1_Grayscale180.png,14
Generated Pictures\Gray Scale\14\IMG_1272_1_Grayscale20.png,14
Generated Pictures\Gray Scale\14\IMG_1272_1_Grayscale40.png,14
Generated Pictures\Gray Scale\14\IMG_1272_1_Grayscale60.png,14
Generated Pictures\Gray Scale\14\IMG_1272_1_Grayscale80.png,14
Generated Pictures\Gray Scale\15\IMG_1205_1_Grayscale0.png,15
Generated Pictures\Gray Scale\15\IMG_1205_1_Grayscale100.png,15
Generated Pictures\Gray Scale\15\IMG_1205_1_Grayscale120.png,15
Generated Pictures\Gray Scale\15\IMG_1205_1_Grayscale140.png,15
Generated Pictures\Gray Scale\15\IMG_1205_1_Grayscale160.png,15
Generated Pictures\Gray Scale\15\IMG_1205_1_Grayscale180.png,15
Generated Pictures\Gray Scale\15\IMG_1205_1_Grayscale20.png,15
Generated Pictures\Gray Scale\15\IMG_1205_1_Grayscale40.png,15
Generated Pictures\Gray Scale\15\IMG_1205_1_Grayscale60.png,15
Generated Pictures\Gray Scale\15\IMG_1205_1_Grayscale80.png,15
Generated Pictures\Gray Scale\15\IMG_1206_1_Grayscale0.png,15
Generated Pictures\Gray Scale\15\IMG_1206_1_Grayscale100.png,15
Generated Pictures\Gray Scale\15\IMG_1206_1_Grayscale120.png,15
Generated Pictures\Gray Scale\15\IMG_1206_1_Grayscale140.png,15
Generated Pictures\Gray Scale\15\IMG_1206_1_Grayscale160.png,15
Generated Pictures\Gray Scale\15\IMG_1206_1_Grayscale180.png,15
Generated Pictures\Gray Scale\15\IMG_1206_1_Grayscale20.png,15
Generated Pictures\Gray Scale\15\IMG_1206_1_Grayscale40.png,15
Generated Pictures\Gray Scale\15\IMG_1206_1_Grayscale60.png,15
Generated Pictures\Gray Scale\15\IMG_1206_1_Grayscale80.png,15
Generated Pictures\Gray Scale\15\IMG_1236_1_Grayscale0.png,15
Generated Pictures\Gray Scale\15\IMG_1236_1_Grayscale100.png,15
Generated Pictures\Gray Scale\15\IMG_1236_1_Grayscale120.png,15
Generated Pictures\Gray Scale\15\IMG_1236_1_Grayscale140.png,15
Generated Pictures\Gray Scale\15\IMG_1236_1_Grayscale160.png,15
Generated Pictures\Gray Scale\15\IMG_1236_1_Grayscale180.png,15
Generated Pictures\Gray Scale\15\IMG_1236_1_Grayscale20.png,15
Generated Pictures\Gray Scale\15\IMG_1236_1_Grayscale40.png,15
Generated Pictures\Gray Scale\15\IMG_1236_1_Grayscale60.png,15
Generated Pictures\Gray Scale\15\IMG_1236_1_Grayscale80.png,15
Generated Pictures\Gray Scale\15\IMG_1256_1_Grayscale0.png,15
Generated Pictures\Gray Scale\15\IMG_1256_1_Grayscale100.png,15
Generated Pictures\Gray Scale\15\IMG_1256_1_Grayscale120.png,15
Generated Pictures\Gray Scale\15\IMG_1256_1_Grayscale140.png,15
Generated Pictures\Gray Scale\15\IMG_1256_1_Grayscale160.png,15
Generated Pictures\Gray Scale\15\IMG_1256_1_Grayscale180.png,15
Generated Pictures\Gray Scale\15\IMG_1256_1_Grayscale20.png,15
Generated Pictures\Gray Scale\15\IMG_1256_1_Grayscale40.png,15
Generated Pictures\Gray Scale\15\IMG_1256_1_Grayscale60.png,15
Generated Pictures\Gray Scale\15\IMG_1256_1_Grayscale80.png,15
Generated Pictures\Gray Scale\17\IMG_1198_1_Grayscale0.png,17
Generated Pictures\Gray Scale\17\IMG_1198_1_Grayscale100.png,17
Generated Pictures\Gray Scale\17\IMG_1198_1_Grayscale120.png,17
Generated Pictures\Gray Scale\17\IMG_1198_1_Grayscale140.png,17
Generated Pictures\Gray Scale\17\IMG_1198_1_Grayscale160.png,17
Generated Pictures\Gray Scale\17\IMG_1198_1_Grayscale180.png,17
Generated Pictures\Gray Scale\17\IMG_1198_1_Grayscale20.png,17
Generated Pictures\Gray Scale\17\IMG_1198_1_Grayscale40.png,17
Generated Pictures\Gray Scale\17\IMG_1198_1_Grayscale60.png,17
Generated Pictures\Gray Scale\17\IMG_1198_1_Grayscale80.png,17
Generated Pictures\Gray Scale\17\IMG_1199_1_Grayscale0.png,17
Generated Pictures\Gray Scale\17\IMG_1199_1_Grayscale100.png,17
Generated Pictures\Gray Scale\17\IMG_1199_1_Grayscale120.png,17
Generated Pictures\Gray Scale\17\IMG_1199_1_Grayscale140.png,17
Generated Pictures\Gray Scale\17\IMG_1199_1_Grayscale160.png,17
Generated Pictures\Gray Scale\17\IMG_1199_1_Grayscale180.png,17
Generated Pictures\Gray Scale\17\IMG_1199_1_Grayscale20.png,17
Generated Pictures\Gray Scale\17\IMG_1199_1_Grayscale40.png,17
Generated Pictures\Gray Scale\17\IMG_1199_1_Grayscale60.png,17
Generated Pictures\Gray Scale\17\IMG_1199_1_Grayscale80.png,17
Generated Pictures\Gray Scale\17\IMG_1200_1_Grayscale0.png,17
Generated Pictures\Gray Scale\17\IMG_1200_1_Grayscale100.png,17
Generated Pictures\Gray Scale\17\IMG_1200_1_Grayscale120.png,17
Generated Pictures\Gray Scale\17\IMG_1200_1_Grayscale140.png,17
Generated Pictures\Gray Scale\17\IMG_1200_1_Grayscale160.png,17
Generated Pictures\Gray Scale\17\IMG_1200_1_Grayscale180.png,17
Generated Pictures\Gray Scale\17\IMG_1200_1_Grayscale20.png,17
Generated Pictures\Gray Scale\17\IMG_1200_1_Grayscale40.png,17
Generated Pictures\Gray Scale\17\IMG_1200_1_Grayscale60.png,17
Generated Pictures\Gray Scale\17\IMG_1200_1_Grayscale80.png,17
Generated Pictures\Gray Scale\17\IMG_1207_1_Grayscale0.png,17
Generated Pictures\Gray Scale\17\IMG_1207_1_Grayscale100.png,17
Generated Pictures\Gray Scale\17\IMG_1207_1_Grayscale120.png,17
Generated Pictures\Gray Scale\17\IMG_1207_1_Grayscale140.png,17
Generated Pictures\Gray Scale\17\IMG_1207_1_Grayscale160.png,17
Generated Pictures\Gray Scale\17\IMG_1207_1_Grayscale180.png,17
Generated Pictures\Gray Scale\17\IMG_1207_1_Grayscale20.png,17
Generated Pictures\Gray Scale\17\IMG_1207_1_Grayscale40.png,17
Generated Pictures\Gray Scale\17\IMG_1207_1_Grayscale60.png,17
Generated Pictures\Gray Scale\17\IMG_1207_1_Grayscale80.png,17
Generated Pictures\Gray Scale\17\IMG_1209_1_Grayscale0.png,17
Generated Pictures\Gray Scale\17\IMG_1209_1_Grayscale100.png,17
Generated Pictures\Gray Scale\17\IMG_1209_1_Grayscale120.png,17
Generated Pictures\Gray Scale\17\IMG_1209_1_Grayscale140.png,17
Generated Pictures\Gray Scale\17\IMG_1209_1_Grayscale160.png,17
Generated Pictures\Gray Scale\17\IMG_1209_1_Grayscale180.png,17
Generated Pictures\Gray Scale\17\IMG_1209_1_Grayscale20.png,17
Generated Pictures\Gray Scale\17\IMG_1209_1_Grayscale40.png,17
Generated Pictures\Gray Scale\17\IMG_1209_1_Grayscale60.png,17
Generated Pictures\Gray Scale\17\IMG_1209_1_Grayscale80.png,17
Generated Pictures\Gray Scale\18\IMG_1268_1_Grayscale0.png,18
Generated Pictures\Gray Scale\18\IMG_1268_1_Grayscale100.png,18
Generated Pictures\Gray Scale\18\IMG_1268_1_Grayscale120.png,18
Generated Pictures\Gray Scale\18\IMG_1268_1_Grayscale140.png,18
Generated Pictures\Gray Scale\18\IMG_1268_1_Grayscale160.png,18
Generated Pictures\Gray Scale\18\IMG_1268_1_Grayscale180.png,18
Generated Pictures\Gray Scale\18\IMG_1268_1_Grayscale20.png,18
Generated Pictures\Gray Scale\18\IMG_1268_1_Grayscale40.png,18
Generated Pictures\Gray Scale\18\IMG_1268_1_Grayscale60.png,18
Generated Pictures\Gray Scale\18\IMG_1268_1_Grayscale80.png,18
Generated Pictures\Gray Scale\18\IMG_1287_1_Grayscale0.png,18
Generated Pictures\Gray Scale\18\IMG_1287_1_Grayscale100.png,18
Generated Pictures\Gray Scale\18\IMG_1287_1_Grayscale120.png,18
Generated Pictures\Gray Scale\18\IMG_1287_1_Grayscale140.png,18
Generated Pictures\Gray Scale\18\IMG_1287_1_Grayscale160.png,18
Generated Pictures\Gray Scale\18\IMG_1287_1_Grayscale180.png,18
Generated Pictures\Gray Scale\18\IMG_1287_1_Grayscale20.png,18
Generated Pictures\Gray Scale\18\IMG_1287_1_Grayscale40.png,18
Generated Pictures\Gray Scale\18\IMG_1287_1_Grayscale60.png,18
Generated Pictures\Gray Scale\18\IMG_1287_1_Grayscale80.png,18
Generated Pictures\Gray Scale\18\IMG_1289_1_Grayscale0.png,18
Generated Pictures\Gray Scale\18\IMG_1289_1_Grayscale100.png,18
Generated Pictures\Gray Scale\18\IMG_1289_1_Grayscale120.png,18
Generated Pictures\Gray Scale\18\IMG_1289_1_Grayscale140.png,18
Generated Pictures\Gray Scale\18\IMG_1289_1_Grayscale160.png,18
Generated Pictures\Gray Scale\18\IMG_1289_1_Grayscale180.png,18
Generated Pictures\Gray Scale\18\IMG_1289_1_Grayscale20.png,18
Generated Pictures\Gray Scale\18\IMG_1289_1_Grayscale40.png,18
Generated Pictures\Gray Scale\18\IMG_1289_1_Grayscale60.png,18
Generated Pictures\Gray Scale\18\IMG_1289_1_Grayscale80.png,18
Generated Pictures\Gray Scale\21\IMG_1250_1_Grayscale0.png,21
Generated Pictures\Gray Scale\21\IMG_1250_1_Grayscale100.png,21
Generated Pictures\Gray Scale\21\IMG_1250_1_Grayscale120.png,21
Generated Pictures\Gray Scale\21\IMG_1250_1_Grayscale140.png,21
Generated Pictures\Gray Scale\21\IMG_1250_1_Grayscale160.png,21
Generated Pictures\Gray Scale\21\IMG_1250_1_Grayscale180.png,21
Generated Pictures\Gray Scale\21\IMG_1250_1_Grayscale20.png,21
Generated Pictures\Gray Scale\21\IMG_1250_1_Grayscale40.png,21
Generated Pictures\Gray Scale\21\IMG_1250_1_Grayscale60.png,21
Generated Pictures\Gray Scale\21\IMG_1250_1_Grayscale80.png,21
Generated Pictures\Gray Scale\21\IMG_1258_1_Grayscale0.png,21
Generated Pictures\Gray Scale\21\IMG_1258_1_Grayscale100.png,21
Generated Pictures\Gray Scale\21\IMG_1258_1_Grayscale120.png,21
Generated Pictures\Gray Scale\21\IMG_1258_1_Grayscale140.png,21
Generated Pictures\Gray Scale\21\IMG_1258_1_Grayscale160.png,21
Generated Pictures\Gray Scale\21\IMG_1258_1_Grayscale180.png,21
Generated Pictures\Gray Scale\21\IMG_1258_1_Grayscale20.png,21
Generated Pictures\Gray Scale\21\IMG_1258_1_Grayscale40.png,21
Generated Pictures\Gray Scale\21\IMG_1258_1_Grayscale60.png,21
Generated Pictures\Gray Scale\21\IMG_1258_1_Grayscale80.png,21
Generated Pictures\Gray Scale\21\IMG_1273_1_Grayscale0.png,21
Generated Pictures\Gray Scale\21\IMG_1273_1_Grayscale100.png,21
Generated Pictures\Gray Scale\21\IMG_1273_1_Grayscale120.png,21
Generated Pictures\Gray Scale\21\IMG_1273_1_Grayscale140.png,21
Generated Pictures\Gray Scale\21\IMG_1273_1_Grayscale160.png,21
Generated Pictures\Gray Scale\21\IMG_1273_1_Grayscale180.png,21
Generated Pictures\Gray Scale\21\IMG_1273_1_Grayscale20.png,21
Generated Pictures\Gray Scale\21\IMG_1273_1_Grayscale40.png,21
Generated Pictures\Gray Scale\21\IMG_1273_1_Grayscale60.png,21
Generated Pictures\Gray Scale\21\IMG_1273_1_Grayscale80.png,21
Generated Pictures\Gray Scale\22\IMG_1243_1_Grayscale0.png,22
Generated Pictures\Gray Scale\22\IMG_1243_1_Grayscale100.png,22
Generated Pictures\Gray Scale\22\IMG_1243_1_Grayscale120.png,22
Generated Pictures\Gray Scale\22\IMG_1243_1_Grayscale140.png,22
Generated Pictures\Gray Scale\22\IMG_1243_1_Grayscale160.png,22
Generated Pictures\Gray Scale\22\IMG_1243_1_Grayscale180.png,22
Generated Pictures\Gray Scale\22\IMG_1243_1_Grayscale20.png,22
Generated Pictures\Gray Scale\22\IMG_1243_1_Grayscale40.png,22
Generated Pictures\Gray Scale\22\IMG_1243_1_Grayscale60.png,22
Generated Pictures\Gray Scale\22\IMG_1243_1_Grayscale80.png,22
Generated Pictures\Gray Scale\22\IMG_1255_1_Grayscale0.png,22
Generated Pictures\Gray Scale\22\IMG_1255_1_Grayscale100.png,22
Generated Pictures\Gray Scale\22\IMG_1255_1_Grayscale120.png,22
Generated Pictures\Gray Scale\22\IMG_1255_1_Grayscale140.png,22
Generated Pictures\Gray Scale\22\IMG_1255_1_Grayscale160.png,22
Generated Pictures\Gray Scale\22\IMG_1255_1_Grayscale180.png,22
Generated Pictures\Gray Scale\22\IMG_1255_1_Grayscale20.png,22
Generated Pictures\Gray Scale\22\IMG_1255_1_Grayscale40.png,22
Generated Pictures\Gray Scale\22\IMG_1255_1_Grayscale60.png,22
Generated Pictures\Gray Scale\22\IMG_1255_1_Grayscale80.png,22
Generated Pictures\Gray Scale\23\IMG_1247_1_Grayscale0.png,23
Generated Pictures\Gray Scale\23\IMG_1247_1_Grayscale100.png,23
Generated Pictures\Gray Scale\23\IMG_1247_1_Grayscale120.png,23
Generated Pictures\Gray Scale\23\IMG_1247_1_Grayscale140.png,23
Generated Pictures\Gray Scale\23\IMG_1247_1_Grayscale160.png,23
Generated Pictures\Gray Scale\23\IMG_1247_1_Grayscale180.png,23
Generated Pictures\Gray Scale\23\IMG_1247_1_Grayscale20.png,23
Generated Pictures\Gray Scale\23\IMG_1247_1_Grayscale40.png,23
Generated Pictures\Gray Scale\23\IMG_1247_1_Grayscale60.png,23
Generated Pictures\Gray Scale\23\IMG_1247_1_Grayscale80.png,23
Generated Pictures\Gray Scale\23\IMG_1248_1_Grayscale0.png,23
Generated Pictures\Gray Scale\23\IMG_1248_1_Grayscale100.png,23
Generated Pictures\Gray Scale\23\IMG_1248_1_Grayscale120.png,23
Generated Pictures\Gray Scale\23\IMG_1248_1_Grayscale140.png,23
Generated Pictures\Gray Scale\23\IMG_1248_1_Grayscale160.png,23
Generated Pictures\Gray Scale\23\IMG_1248_1_Grayscale180.png,23
Generated Pictures\Gray Scale\23\IMG_1248_1_Grayscale20.png,23
Generated Pictures\Gray Scale\23\IMG_1248_1_Grayscale40.png,23
Generated Pictures\Gray Scale\23\IMG_1248_1_Grayscale60.png,23
Generated Pictures\Gray Scale\23\IMG_1248_1_Grayscale80.png,23
Generated Pictures\Gray Scale\23\IMG_1249_1_Grayscale0.png,23
Generated Pictures\Gray Scale\23\IMG_1249_1_Grayscale100.png,23
Generated Pictures\Gray Scale\23\IMG_1249_1_Grayscale120.png,23
Generated Pictures\Gray Scale\23\IMG_1249_1_Grayscale140.png,23
Generated Pictures\Gray Scale\23\IMG_1249_1_Grayscale160.png,23
Generated Pictures\Gray Scale\23\IMG_1249_1_Grayscale180.png,23
Generated Pictures\Gray Scale\23\IMG_1249_1_Grayscale20.png,23
Generated Pictures\Gray Scale\23\IMG_1249_1_Grayscale40.png,23
Generated Pictures\Gray Scale\23\IMG_1249_1_Grayscale60.png,23
Generated Pictures\Gray Scale\23\IMG_1249_1_Grayscale80.png,23
Generated Pictures\Gray Scale\26\IMG_1252_1_Grayscale0.png,26
Generated Pictures\Gray Scale\26\IMG_1252_1_Grayscale100.png,26
Generated Pictures\Gray Scale\26\IMG_1252_1_Grayscale120.png,26
Generated Pictures\Gray Scale\26\IMG_1252_1_Grayscale140.png,26
Generated Pictures\Gray Scale\26\IMG_1252_1_Grayscale160.png,26
Generated Pictures\Gray Scale\26\IMG_1252_1_Grayscale180.png,26
Generated Pictures\Gray Scale\26\IMG_1252_1_Grayscale20.png,26
Generated Pictures\Gray Scale\26\IMG_1252_1_Grayscale40.png,26
Generated Pictures\Gray Scale\26\IMG_1252_1_Grayscale60.png,26
Generated Pictures\Gray Scale\26\IMG_1252_1_Grayscale80.png,26
Generated Pictures\Gray Scale\26\IMG_1253_1_Grayscale0.png,26
Generated Pictures\Gray Scale\26\IMG_1253_1_Grayscale100.png,26
Generated Pictures\Gray Scale\26\IMG_1253_1_Grayscale120.png,26
Generated Pictures\Gray Scale\26\IMG_1253_1_Grayscale140.png,26
Generated Pictures\Gray Scale\26\IMG_1253_1_Grayscale160.png,26
Generated Pictures\Gray Scale\26\IMG_1253_1_Grayscale180.png,26
Generated Pictures\Gray Scale\26\IMG_1253_1_Grayscale20.png,26
Generated Pictures\Gray Scale\26\IMG_1253_1_Grayscale40.png,26
Generated Pictures\Gray Scale\26\IMG_1253_1_Grayscale60.png,26
Generated Pictures\Gray Scale\26\IMG_1253_1_Grayscale80.png,26
Generated Pictures\Gray Scale\26\IMG_1254_1_Grayscale0.png,26
Generated Pictures\Gray Scale\26\IMG_1254_1_Grayscale100.png,26
Generated Pictures\Gray Scale\26\IMG_1254_1_Grayscale120.png,26
Generated Pictures\Gray Scale\26\IMG_1254_1_Grayscale140.png,26
Generated Pictures\Gray Scale\26\IMG_1254_1_Grayscale160.png,26
Generated Pictures\Gray Scale\26\IMG_1254_1_Grayscale180.png,26
Generated Pictures\Gray Scale\26\IMG_1254_1_Grayscale20.png,26
Generated Pictures\Gray Scale\26\IMG_1254_1_Grayscale40.png,26
Generated Pictures\Gray Scale\26\IMG_1254_1_Grayscale60.png,26
Generated Pictures\Gray Scale\26\IMG_1254_1_Grayscale80.png,26
Generated Pictures\Gray Scale\27\IMG_1228_1_Grayscale0.png,27
Generated Pictures\Gray Scale\27\IMG_1228_1_Grayscale100.png,27
Generated Pictures\Gray Scale\27\IMG_1228_1_Grayscale120.png,27
Generated Pictures\Gray Scale\27\IMG_1228_1_Grayscale140.png,27
Generated Pictures\Gray Scale\27\IMG_1228_1_Grayscale160.png,27
Generated Pictures\Gray Scale\27\IMG_1228_1_Grayscale180.png,27
Generated Pictures\Gray Scale\27\IMG_1228_1_Grayscale20.png,27
Generated Pictures\Gray Scale\27\IMG_1228_1_Grayscale40.png,27
Generated Pictures\Gray Scale\27\IMG_1228_1_Grayscale60.png,27
Generated Pictures\Gray Scale\27\IMG_1228_1_Grayscale80.png,27
Generated Pictures\Gray Scale\27\IMG_1257_1_Grayscale0.png,27
Generated Pictures\Gray Scale\27\IMG_1257_1_Grayscale100.png,27
Generated Pictures\Gray Scale\27\IMG_1257_1_Grayscale120.png,27
Generated Pictures\Gray Scale\27\IMG_1257_1_Grayscale140.png,27
Generated Pictures\Gray Scale\27\IMG_1257_1_Grayscale160.png,27
Generated Pictures\Gray Scale\27\IMG_1257_1_Grayscale180.png,27
Generated Pictures\Gray Scale\27\IMG_1257_1_Grayscale20.png,27
Generated Pictures\Gray Scale\27\IMG_1257_1_Grayscale40.png,27
Generated Pictures\Gray Scale\27\IMG_1257_1_Grayscale60.png,27
Generated Pictures\Gray Scale\27\IMG_1257_1_Grayscale80.png,27
Generated Pictures\Gray Scale\27\IMG_1267_1_Grayscale0.png,27
Generated Pictures\Gray Scale\27\IMG_1267_1_Grayscale100.png,27
Generated Pictures\Gray Scale\27\IMG_1267_1_Grayscale120.png,27
Generated Pictures\Gray Scale\27\IMG_1267_1_Grayscale140.png,27
Generated Pictures\Gray Scale\27\IMG_1267_1_Grayscale160.png,27
Generated Pictures\Gray Scale\27\IMG_1267_1_Grayscale180.png,27
Generated Pictures\Gray Scale\27\IMG_1267_1_Grayscale20.png,27
Generated Pictures\Gray Scale\27\IMG_1267_1_Grayscale40.png,27
Generated Pictures\Gray Scale\27\IMG_1267_1_Grayscale60.png,27
Generated Pictures\Gray Scale\27\IMG_1267_1_Grayscale80.png,27
Generated Pictures\Gray Scale\32\IMG_1266_1_Grayscale0.png,32
Generated Pictures\Gray Scale\32\IMG_1266_1_Grayscale100.png,32
Generated Pictures\Gray Scale\32\IMG_1266_1_Grayscale120.png,32
Generated Pictures\Gray Scale\32\IMG_1266_1_Grayscale140.png,32
Generated Pictures\Gray Scale\32\IMG_1266_1_Grayscale160.png,32
Generated Pictures\Gray Scale\32\IMG_1266_1_Grayscale180.png,32
Generated Pictures\Gray Scale\32\IMG_1266_1_Grayscale20.png,32
Generated Pictures\Gray Scale\32\IMG_1266_1_Grayscale40.png,32
Generated Pictures\Gray Scale\32\IMG_1266_1_Grayscale60.png,32
Generated Pictures\Gray Scale\32\IMG_1266_1_Grayscale80.png,32
Generated Pictures\Gray Scale\32\IMG_1274_1_Grayscale0.png,32
Generated Pictures\Gray Scale\32\IMG_1274_1_Grayscale100.png,32
Generated Pictures\Gray Scale\32\IMG_1274_1_Grayscale120.png,32
Generated Pictures\Gray Scale\32\IMG_1274_1_Grayscale140.png,32
Generated Pictures\Gray Scale\32\IMG_1274_1_Grayscale160.png,32
Generated Pictures\Gray Scale\32\IMG_1274_1_Grayscale180.png,32
Generated Pictures\Gray Scale\32\IMG_1274_1_Grayscale20.png,32
Generated Pictures\Gray Scale\32\IMG_1274_1_Grayscale40.png,32
Generated Pictures\Gray Scale\32\IMG_1274_1_Grayscale60.png,32
Generated Pictures\Gray Scale\32\IMG_1274_1_Grayscale80.png,32
Generated Pictures\Gray Scale\32\IMG_1288_1_Grayscale0.png,32
Generated Pictures\Gray Scale\32\IMG_1288_1_Grayscale100.png,32
Generated Pictures\Gray Scale\32\IMG_1288_1_Grayscale120.png,32
Generated Pictures\Gray Scale\32\IMG_1288_1_Grayscale140.png,32
Generated Pictures\Gray Scale\32\IMG_1288_1_Grayscale160.png,32
Generated Pictures\Gray Scale\32\IMG_1288_1_Grayscale180.png,32
Generated Pictures\Gray Scale\32\IMG_1288_1_Grayscale20.png,32
Generated Pictures\Gray Scale\32\IMG_1288_1_Grayscale40.png,32
Generated Pictures\Gray Scale\32\IMG_1288_1_Grayscale60.png,32
Generated Pictures\Gray Scale\32\IMG_1288_1_Grayscale80.png,32
Generated Pictures\Gray Scale\33\IMG_1262_1_Grayscale0.png,33
Generated Pictures\Gray Scale\33\IMG_1262_1_Grayscale100.png,33
Generated Pictures\Gray Scale\33\IMG_1262_1_Grayscale120.png,33
Generated Pictures\Gray Scale\33\IMG_1262_1_Grayscale140.png,33
Generated Pictures\Gray Scale\33\IMG_1262_1_Grayscale160.png,33
Generated Pictures\Gray Scale\33\IMG_1262_1_Grayscale180.png,33
Generated Pictures\Gray Scale\33\IMG_1262_1_Grayscale20.png,33
Generated Pictures\Gray Scale\33\IMG_1262_1_Grayscale40.png,33
Generated Pictures\Gray Scale\33\IMG_1262_1_Grayscale60.png,33
Generated Pictures\Gray Scale\33\IMG_1262_1_Grayscale80.png,33
Generated Pictures\Gray Scale\33\IMG_1263_1_Grayscale0.png,33
Generated Pictures\Gray Scale\33\IMG_1263_1_Grayscale100.png,33
Generated Pictures\Gray Scale\33\IMG_1263_1_Grayscale120.png,33
Generated Pictures\Gray Scale\33\IMG_1263_1_Grayscale140.png,33
Generated Pictures\Gray Scale\33\IMG_1263_1_Grayscale160.png,33
Generated Pictures\Gray Scale\33\IMG_1263_1_Grayscale180.png,33
Generated Pictures\Gray Scale\33\IMG_1263_1_Grayscale20.png,33
Generated Pictures\Gray Scale\33\IMG_1263_1_Grayscale40.png,33
Generated Pictures\Gray Scale\33\IMG_1263_1_Grayscale60.png,33
Generated Pictures\Gray Scale\33\IMG_1263_1_Grayscale80.png,33
Generated Pictures\Gray Scale\33\IMG_1282_1_Grayscale0.png,33
Generated Pictures\Gray Scale\33\IMG_1282_1_Grayscale100.png,33
Generated Pictures\Gray Scale\33\IMG_1282_1_Grayscale120.png,33
Generated Pictures\Gray Scale\33\IMG_1282_1_Grayscale140.png,33
Generated Pictures\Gray Scale\33\IMG_1282_1_Grayscale160.png,33
Generated Pictures\Gray Scale\33\IMG_1282_1_Grayscale180.png,33
Generated Pictures\Gray Scale\33\IMG_1282_1_Grayscale20.png,33
Generated Pictures\Gray Scale\33\IMG_1282_1_Grayscale40.png,33
Generated Pictures\Gray Scale\33\IMG_1282_1_Grayscale60.png,33
Generated Pictures\Gray Scale\33\IMG_1282_1_Grayscale80.png,33
Generated Pictures\Gray Scale\35\IMG_1278_1_Grayscale0.png,35
Generated Pictures\Gray Scale\35\IMG_1278_1_Grayscale100.png,35
Generated Pictures\Gray Scale\35\IMG_1278_1_Grayscale120.png,35
Generated Pictures\Gray Scale\35\IMG_1278_1_Grayscale140.png,35
Generated Pictures\Gray Scale\35\IMG_1278_1_Grayscale160.png,35
Generated Pictures\Gray Scale\35\IMG_1278_1_Grayscale180.png,35
Generated Pictures\Gray Scale\35\IMG_1278_1_Grayscale20.png,35
Generated Pictures\Gray Scale\35\IMG_1278_1_Grayscale40.png,35
Generated Pictures\Gray Scale\35\IMG_1278_1_Grayscale60.png,35
Generated Pictures\Gray Scale\35\IMG_1278_1_Grayscale80.png,35
Generated Pictures\Gray Scale\35\IMG_1279_Grayscale0.png,35
Generated Pictures\Gray Scale\35\IMG_1279_Grayscale100.png,35
Generated Pictures\Gray Scale\35\IMG_1279_Grayscale120.png,35
Generated Pictures\Gray Scale\35\IMG_1279_Grayscale140.png,35
Generated Pictures\Gray Scale\35\IMG_1279_Grayscale160.png,35
Generated Pictures\Gray Scale\35\IMG_1279_Grayscale180.png,35
Generated Pictures\Gray Scale\35\IMG_1279_Grayscale20.png,35
Generated Pictures\Gray Scale\35\IMG_1279_Grayscale40.png,35
Generated Pictures\Gray Scale\35\IMG_1279_Grayscale60.png,35
Generated Pictures\Gray Scale\35\IMG_1279_Grayscale80.png,35
Generated Pictures\Gray Scale\35\IMG_1285_1_Grayscale0.png,35
Generated Pictures\Gray Scale\35\IMG_1285_1_Grayscale100.png,35
Generated Pictures\Gray Scale\35\IMG_1285_1_Grayscale120.png,35
Generated Pictures\Gray Scale\35\IMG_1285_1_Grayscale140.png,35
Generated Pictures\Gray Scale\35\IMG_1285_1_Grayscale160.png,35
Generated Pictures\Gray Scale\35\IMG_1285_1_Grayscale180.png,35
Generated Pictures\Gray Scale\35\IMG_1285_1_Grayscale20.png,35
Generated Pictures\Gray Scale\35\IMG_1285_1_Grayscale40.png,35
Generated Pictures\Gray Scale\35\IMG_1285_1_Grayscale60.png,35
Generated Pictures\Gray Scale\35\IMG_1285_1_Grayscale80.png,35
Generated Pictures\Gray Scale\38\IMG_1261_1_Grayscale0.png,38
Generated Pictures\Gray Scale\38\IMG_1261_1_Grayscale100.png,38
Generated Pictures\Gray Scale\38\IMG_1261_1_Grayscale120.png,38
Generated Pictures\Gray Scale\38\IMG_1261_1_Grayscale140.png,38
Generated Pictures\Gray Scale\38\IMG_1261_1_Grayscale160.png,38
Generated Pictures\Gray Scale\38\IMG_1261_1_Grayscale180.png,38
Generated Pictures\Gray Scale\38\IMG_1261_1_Grayscale20.png,38
Generated Pictures\Gray Scale\38\IMG_1261_1_Grayscale40.png,38
Generated Pictures\Gray Scale\38\IMG_1261_1_Grayscale60.png,38
Generated Pictures\Gray Scale\38\IMG_1261_1_Grayscale80.png,38
Generated Pictures\Gray Scale\38\IMG_1269_1_Grayscale0.png,38
Generated Pictures\Gray Scale\38\IMG_1269_1_Grayscale100.png,38
Generated Pictures\Gray Scale\38\IMG_1269_1_Grayscale120.png,38
Generated Pictures\Gray Scale\38\IMG_1269_1_Grayscale140.png,38
Generated Pictures\Gray Scale\38\IMG_1269_1_Grayscale160.png,38
Generated Pictures\Gray Scale\38\IMG_1269_1_Grayscale180.png,38
Generated Pictures\Gray Scale\38\IMG_1269_1_Grayscale20.png,38
Generated Pictures\Gray Scale\38\IMG_1269_1_Grayscale40.png,38
Generated Pictures\Gray Scale\38\IMG_1269_1_Grayscale60.png,38
Generated Pictures\Gray Scale\38\IMG_1269_1_Grayscale80.png,38
Generated Pictures\Gray Scale\38\IMG_1276_1_Grayscale0.png,38
Generated Pictures\Gray Scale\38\IMG_1276_1_Grayscale100.png,38
Generated Pictures\Gray Scale\38\IMG_1276_1_Grayscale120.png,38
Generated Pictures\Gray Scale\38\IMG_1276_1_Grayscale140.png,38
Generated Pictures\Gray Scale\38\IMG_1276_1_Grayscale160.png,38
Generated Pictures\Gray Scale\38\IMG_1276_1_Grayscale180.png,38
Generated Pictures\Gray Scale\38\IMG_1276_1_Grayscale20.png,38
Generated Pictures\Gray Scale\38\IMG_1276_1_Grayscale40.png,38
Generated Pictures\Gray Scale\38\IMG_1276_1_Grayscale60.png,38
Generated Pictures\Gray Scale\38\IMG_1276_1_Grayscale80.png,38
