path,folder
Generated Pictures\RGB\1\IMG_1202.PNG,1
Generated Pictures\RGB\1\IMG_1203.PNG,1
Generated Pictures\RGB\1\IMG_1204.PNG,1
Generated Pictures\RGB\1\IMG_1205.PNG,1
Generated Pictures\RGB\2\IMG_1216_1.PNG,2
Generated Pictures\RGB\2\IMG_1224_1.PNG,2
Generated Pictures\RGB\2\IMG_1237_1.PNG,2
Generated Pictures\RGB\4\IMG_1225_1.PNG,4
Generated Pictures\RGB\4\IMG_1230_1.PNG,4
Generated Pictures\RGB\4\IMG_1231_1.PNG,4
Generated Pictures\RGB\4\IMG_1232_1.PNG,4
Generated Pictures\RGB\4\IMG_1280_1.PNG,4
Generated Pictures\RGB\7\IMG_1259_1.PNG,7
Generated Pictures\RGB\7\IMG_1264_1.PNG,7
Generated Pictures\RGB\7\IMG_1265_1.PNG,7
Generated Pictures\RGB\11\IMG_1214_1.PNG,11
Generated Pictures\RGB\11\IMG_1215_1.PNG,11
Generated Pictures\RGB\11\IMG_1275_1.PNG,11
Generated Pictures\RGB\12\IMG_1220_1.PNG,12
Generated Pictures\RGB\12\IMG_1223.PNG,12
Generated Pictures\RGB\12\IMG_1227_1.PNG,12
Generated Pictures\RGB\12\IMG_1233_1.PNG,12
Generated Pictures\RGB\13\IMG_1190_1.PNG,13
Generated Pictures\RGB\13\IMG_1191_1.PNG,13
Generated Pictures\RGB\13\IMG_1192_1.PNG,13
Generated Pictures\RGB\13\IMG_1204_1.PNG,13
Generated Pictures\RGB\13\IMG_1221_1.PNG,13
Generated Pictures\RGB\13\IMG_1229_1.PNG,13
Generated Pictures\RGB\14\IMG_1244_1.PNG,14
Generated Pictures\RGB\14\IMG_1271_1.PNG,14
Generated Pictures\RGB\14\IMG_1272_1.PNG,14
Generated Pictures\RGB\15\IMG_1205_1.PNG,15
Generated Pictures\RGB\15\IMG_1206_1.PNG,15
Generated Pictures\RGB\15\IMG_1236_1.PNG,15
Generated Pictures\RGB\15\IMG_1256_1.PNG,15
Generated Pictures\RGB\17\IMG_1198_1.PNG,17
Generated Pictures\RGB\17\IMG_1199_1.PNG,17
Generated Pictures\RGB\17\IMG_1200_1.PNG,17
Generated Pictures\RGB\17\IMG_1207_1.PNG,17
Generated Pictures\RGB\17\IMG_1209_1.PNG,17
Generated Pictures\RGB\18\IMG_1268_1.PNG,18
Generated Pictures\RGB\18\IMG_1287_1.PNG,18
Generated Pictures\RGB\18\IMG_1289_1.PNG,18
Generated Pictures\RGB\21\IMG_1250_1.PNG,21
Generated Pictures\RGB\21\IMG_1258_1.PNG,21
Generated Pictures\RGB\21\IMG_1273_1.PNG,21
Generated Pictures\RGB\22\IMG_1243_1.PNG,22
Generated Pictures\RGB\22\IMG_1255_1.PNG,22
Generated Pictures\RGB\23\IMG_1247_1.PNG,23
Generated Pictures\RGB\23\IMG_1248_1.PNG,23
Generated Pictures\RGB\23\IMG_1249_1.PNG,23
Generated Pictures\RGB\26\IMG_1252_1.PNG,26
Generated Pictures\RGB\26\IMG_1253_1.PNG,26
Generated Pictures\RGB\26\IMG_1254_1.PNG,26
Generated Pictures\RGB\27\IMG_1228_1.PNG,27
Generated Pictures\RGB\27\IMG_1257_1.PNG,27
Generated Pictures\RGB\27\IMG_1267_1.PNG,27
Generated Pictures\RGB\32\IMG_1266_1.PNG,32
Generated Pictures\RGB\32\IMG_1274_1.PNG,32
Generated Pictures\RGB\32\IMG_1288_1.PNG,32
Generated Pictures\RGB\33\IMG_1262_1.PNG,33
Generated Pictures\RGB\33\IMG_1263_1.PNG,33
Generated Pictures\RGB\33\IMG_1282_1.PNG,33
Generated Pictures\RGB\35\IMG_1278_1.PNG,35
Generated Pictures\RGB\35\IMG_1279.PNG,35
Generated Pictures\RGB\35\IMG_1285_1.PNG,35
Generated Pictures\RGB\38\IMG_1261_1.PNG,38
Generated Pictures\RGB\38\IMG_1269_1.PNG,38
Generated Pictures\RGB\38\IMG_1276_1.PNG,38
